geo,week,revenue,spend_paid_search,spend_paid_social,spend_tv,spend_display,spend_video,price,promo,is_simulated,holdout
geo_01,2024-01-01,495416.6656556638,5298.100644075271,4447.99282855165,0.0,1561.6081444377069,3292.725752962141,3.5404640993780108,0.0,True,False
geo_01,2024-01-08,476829.85619169363,5176.373315425591,5399.697835644202,0.0,1601.258776870402,3571.129093028678,3.4935704493734465,0.0,True,False
geo_01,2024-01-15,439998.97786552244,7010.99445513893,5126.377559236542,0.0,1683.9637777623611,1632.0084365798332,3.5014036719439665,0.0,True,False
geo_01,2024-01-22,427209.14511920774,7276.614483138249,3997.993284775457,0.0,1110.6325146005695,1211.3307682436457,3.529662537573022,0.0,True,False
geo_01,2024-01-29,431770.4156794983,5764.322197805415,3207.8151830508937,0.0,1233.3706487629252,747.2855735991964,3.518766113358302,0.0,True,False
geo_01,2024-02-05,383211.23610781744,4583.958117799504,3072.3673245489485,0.0,1266.4128350325059,959.570395099882,3.510205582214525,0.0,True,False
geo_01,2024-02-12,501647.471223962,5836.777068287037,2576.355173995161,31409.565558443363,287.52595446917076,1063.9272912021297,3.4767669466281466,0.0,True,False
geo_01,2024-02-19,476672.159922683,5719.142724974374,2849.99556797935,33882.16388754234,1130.8353610261297,1230.0415575449547,3.454441313075689,0.0,True,False
geo_01,2024-02-26,528537.4304670512,4949.288973264111,2638.5628354121536,31078.356403867867,1244.3817494049206,1115.3416661672118,3.5031282944771456,0.0,True,False
geo_01,2024-03-04,715739.5390090311,7028.164094560668,2180.339716769109,28020.888532301844,1377.2417105026807,987.3761760653754,2.9746924106644896,1.0,True,False
geo_01,2024-03-11,741381.7442470654,6589.560880968011,2945.6891126652004,25141.986684615444,1107.855831992972,1445.4011675014517,3.0147343224784224,1.0,True,False
geo_01,2024-03-18,702906.4712443352,4534.601374630143,3025.1429603246156,31463.897443156005,1016.7706623858029,958.8580774081556,2.9963165079967182,1.0,True,False
geo_01,2024-03-25,688182.1972273311,6530.975502699647,3394.8293021028585,0.0,1208.5443243439836,1128.9162110211273,2.967715698885273,1.0,True,False
geo_01,2024-04-01,556169.0430764047,4543.965032111867,5160.398860878325,0.0,857.6147474844444,926.9117387061352,2.9980049853589508,1.0,True,False
geo_01,2024-04-08,568994.3825315534,5423.053702860329,3392.8204943682726,0.0,1307.7482200027155,1049.863167911851,3.0112044961966538,1.0,True,False
geo_01,2024-04-15,442495.2033654047,5041.913026231165,5741.982406385152,0.0,1247.85241092015,1300.338190797224,3.4961954520582195,0.0,True,False
geo_01,2024-04-22,445425.49692442396,5183.9505725099925,3545.18726943454,0.0,1194.065013647144,912.4443113985941,3.462688338481647,0.0,True,False
geo_01,2024-04-29,386223.1449672415,5851.183975720059,2332.762328000138,0.0,1247.2805784229408,1119.7613032901018,3.4991552820885916,0.0,True,False
geo_01,2024-05-06,364979.71341088065,5450.097902054213,2513.5882078093923,0.0,1533.290053480214,1284.1531587280824,3.502459359494774,0.0,True,False
geo_01,2024-05-13,407469.91872844176,5604.69541012675,2405.7661966930673,0.0,1002.994196350097,988.384596484673,3.518767629421578,0.0,True,False
geo_01,2024-05-20,382754.762227305,7062.811163254476,2700.643334390701,0.0,1215.112335398384,1087.6280252666677,3.5151990013508065,0.0,True,False
geo_01,2024-05-27,413269.69545697694,5649.94242362585,3035.825283834052,0.0,1419.67091986659,1025.151276037876,3.4583018127974285,0.0,True,False
geo_01,2024-06-03,612323.1848848944,6310.039739528914,3141.9595537418813,0.0,747.3960433010875,1110.35127344747,2.9751166364495316,1.0,True,False
geo_01,2024-06-10,548738.4557424857,4580.248183040505,2354.482759487502,0.0,1372.8092304016175,1134.8009606825033,3.0081108225258046,1.0,True,False
geo_01,2024-06-17,616047.7834987924,6139.529169290427,2572.276584703598,0.0,1184.6416596714469,868.8135935282689,2.939239409797681,1.0,True,False
geo_01,2024-06-24,361234.64895875746,6609.585113310551,4305.134266848192,0.0,1289.1302439739475,1134.6374559567018,3.5171252855032846,0.0,True,False
geo_01,2024-07-01,423211.7321903569,6111.776261054758,5727.036804958731,0.0,1534.5135250265628,853.1250729355387,3.4607031988971086,0.0,True,False
geo_01,2024-07-08,437169.8272550625,5486.431875372377,5905.130004622686,0.0,1426.5655082588962,945.0181032049976,3.475280030028433,0.0,True,False
geo_01,2024-07-15,469881.74854448996,6985.284720122908,5740.760321613256,34317.386132386564,1417.488065687841,1056.8217669732833,3.5403725637052963,0.0,True,False
geo_01,2024-07-22,566037.2799739635,7369.129907924871,3317.615223169724,26702.958690913718,1040.90400662703,837.828951371605,3.487749547214842,0.0,True,False
geo_01,2024-07-29,536931.5208746664,6203.981688591334,2977.0260873770208,28590.927254022972,1212.1815627727556,1350.3323170153838,3.4794644178366747,0.0,True,False
geo_01,2024-08-05,575207.5268163458,7543.822261895212,2890.9675588189534,29558.70617210947,1107.1432836039346,1032.094645842514,3.4998213173008845,0.0,True,False
geo_01,2024-08-12,560980.2317792247,7306.347925247851,2546.747088481488,30016.73884400843,1219.1368330240423,987.9045357401136,3.486721322972923,0.0,True,False
geo_01,2024-08-19,560621.2291602547,6376.444567304548,3287.739911843567,23591.16008122596,1296.8778034643262,1239.3313902056386,3.4681557751672973,0.0,True,False
geo_01,2024-08-26,461031.7805309149,6456.185661624313,2971.415612722273,0.0,1195.3603247653587,1074.0057123264266,3.4987200283334046,0.0,True,False
geo_01,2024-09-02,427645.9557984126,7067.566936406556,2902.5456249956173,0.0,1639.3554557966938,900.6803083562475,3.5645753612041595,0.0,True,False
geo_01,2024-09-09,466250.2500794718,6739.026004212827,3342.2579525351316,0.0,1212.3103725313808,1130.3612459356177,3.522095112677213,0.0,True,False
geo_01,2024-09-16,425135.90762803965,5216.646707108568,3242.376434488314,0.0,1051.4371531953932,1189.4015009876869,3.5052829101033116,0.0,True,False
geo_01,2024-09-23,372038.79302618525,6032.530638354259,4488.072302215677,0.0,1241.985100414378,1263.8524649263295,3.498979218794652,0.0,True,False
geo_01,2024-09-30,406023.14377378015,7340.452223477671,3371.2221020876937,0.0,1332.576213267947,638.0655129518269,3.5178428385352882,0.0,True,False
geo_01,2024-10-07,615853.7615352444,4926.6063269503875,5515.587437869192,0.0,1251.1048421395476,622.4476698733775,3.008660235140317,1.0,True,False
geo_01,2024-10-14,632345.998534464,6240.503291737777,5610.356676933067,0.0,1008.1324965176308,1474.5472168112094,2.9643836056457955,1.0,True,False
geo_01,2024-10-21,602871.2334558951,5584.267606488239,4035.995150492622,0.0,1671.6086157988482,779.5811960427584,3.0051610334734784,1.0,True,False
geo_01,2024-10-28,635985.5247769952,6634.921465788563,2958.0924429233155,0.0,1261.059333274603,3384.755466113798,2.9915619138525433,1.0,True,False
geo_01,2024-11-04,604853.2079007783,7024.900750792853,2755.971660776034,24043.21686191661,1243.0439376211987,2148.046459052163,3.041304114793093,1.0,True,False
geo_01,2024-11-11,678367.3470753393,7486.848334896081,2476.479678732909,29511.04906161452,1431.006915517166,3664.951335471409,2.983688826617786,1.0,True,False
geo_01,2024-11-18,606310.4082405922,7899.302406307659,2884.8451359564187,28318.476983130276,1038.8674734311578,3650.462393979153,3.533686486741544,0.0,True,False
geo_01,2024-11-25,628327.017621097,7590.565198010557,3804.041062488732,31374.72355869615,1361.438920535605,3364.0516550190127,3.449666599043135,0.0,True,False
geo_01,2024-12-02,627069.5633064534,5877.645987130695,2907.679829840998,32204.25445686805,852.938842642604,3394.174936922788,3.500920652354926,0.0,True,False
geo_01,2024-12-09,622236.6659611918,6459.973235158062,3317.4969338987285,26253.859353541513,706.8894749461364,3165.974111176674,3.465170717065493,0.0,True,False
geo_01,2024-12-16,647159.2055751482,6992.854910062054,2979.361760564433,0.0,1227.9191122578575,4279.503013994649,3.4593794796517345,0.0,True,False
geo_01,2024-12-23,526822.855040106,6022.5472240674835,2920.5818992373206,0.0,1055.051024921486,3440.9292172748665,3.517407763095124,0.0,True,False
geo_01,2024-12-30,510657.3933282542,6020.2954095661225,5451.598178649817,0.0,1317.927708014076,2682.2474224221105,3.4556883162585312,0.0,True,False
geo_01,2025-01-06,523200.55771620263,5644.534303513012,5113.113776525268,0.0,1120.4100992226288,3074.419394660573,3.485179974320168,0.0,True,False
geo_01,2025-01-13,505797.5698260406,7194.141004968009,4421.174122240714,0.0,1386.5205992229983,1266.1651276546768,3.465500758881721,0.0,True,False
geo_01,2025-01-20,458768.025573508,5317.506832606094,3366.2952424229347,0.0,1554.816187699272,1087.042781559178,3.503817638277204,0.0,True,False
geo_01,2025-01-27,479360.88907096576,7312.408617254211,2396.0700621631117,0.0,952.3696444875335,770.7196762295349,3.4996888916131748,0.0,True,False
geo_01,2025-02-03,436379.215652956,5981.09102767698,3209.311127582312,0.0,1629.0281085049617,1125.4862369698922,3.4144491400402073,0.0,True,False
geo_01,2025-02-10,559355.3374729076,8787.734944999043,2663.1405980722093,31310.461230942903,1057.144370713367,1137.295470094339,3.51447493957382,0.0,True,False
geo_01,2025-02-17,505147.893704642,5994.703471067345,2894.62023654275,29092.84903696136,1446.8225091109427,1299.1994973309852,3.4687323519447064,0.0,True,False
geo_01,2025-02-24,534320.4508529562,6800.638258766714,2994.9271338411204,28559.30218701054,1083.3885816461013,1106.9703678783278,3.560072368531564,0.0,True,False
geo_01,2025-03-03,745683.8143590357,7545.478630973795,3109.6894587146935,27537.359154919388,1507.2051213592265,1127.9304113144062,3.0164388436431624,1.0,True,False
geo_01,2025-03-10,801304.9482119017,5201.9929885111105,2107.482021222019,31122.38267148816,1319.6748460862098,821.6424198531064,3.018603879906354,1.0,True,False
geo_01,2025-03-17,765835.423774425,5725.467263931121,3334.183306443091,32303.235707596374,1597.8184320221528,905.2230985490148,2.9196586560537003,1.0,True,False
geo_01,2025-03-24,662770.1107177744,6746.345079917227,4338.053276557089,0.0,1131.2420400901285,1045.8783104255454,3.042436012569507,1.0,True,False
geo_01,2025-03-31,678089.811166124,6265.526108405957,4784.01835063013,0.0,1643.4939298431423,713.5785937290095,2.9920057849664277,1.0,True,False
geo_01,2025-04-07,670173.298528908,6169.300263182191,6550.475432873714,0.0,1290.2378084239697,903.3163282845604,2.951120050865616,1.0,True,False
geo_01,2025-04-14,437996.7190455918,6148.8338548427755,4345.124863300503,0.0,1306.5229940612167,1042.4845076419674,3.501594951803456,0.0,True,False
geo_01,2025-04-21,426517.5393711491,6693.438937124187,3951.7961207224416,0.0,1171.2642214925322,1031.0644925673146,3.5353244646610578,0.0,True,False
geo_01,2025-04-28,461535.63760381564,6063.707384293989,2544.901526822835,0.0,1144.4551855979491,932.629745061988,3.4361732462188592,0.0,True,False
geo_01,2025-05-05,457712.1918057733,8149.932799970926,3287.1350633237676,0.0,1063.4212914256066,1349.766358259395,3.5273133775390564,0.0,True,False
geo_01,2025-05-12,416808.3033653934,5882.211863547356,3028.7806102641416,0.0,1441.1975670258757,1339.2019575241472,3.479732846102402,0.0,True,False
geo_01,2025-05-19,452584.5615211483,8031.170210877846,3168.234805228265,0.0,931.3795921067282,1291.9413408072364,3.471466630225761,0.0,True,False
geo_01,2025-05-26,462725.60615405487,7761.036996758252,3257.239566281922,0.0,1418.867877493068,923.2888707933532,3.47639180387238,0.0,True,False
geo_01,2025-06-02,637699.0219179704,7027.544867769922,2735.1333333884545,0.0,819.748753488666,856.7300816178962,2.966494697674061,1.0,True,False
geo_01,2025-06-09,618782.2594919861,6301.008400363747,3404.874089543994,0.0,1213.9753079559896,1173.0883821539437,2.996558056823994,1.0,True,False
geo_01,2025-06-16,616075.5650664228,6810.524394019548,3498.4472092878004,0.0,1421.6989915557983,1237.897581960637,2.9979889054562046,1.0,True,False
geo_01,2025-06-23,416020.2736236809,7989.299863964579,3346.885929238975,0.0,1645.8875762055975,980.7723427811759,3.526323173953027,0.0,True,False
geo_01,2025-06-30,420721.77680905315,7835.393895376079,5523.483697455481,0.0,1239.3576262835193,771.814586310988,3.538550163278552,0.0,True,False
geo_01,2025-07-07,475709.31935117143,6769.541214665953,5591.490563314072,0.0,1351.317813031485,967.4079572304429,3.479791170789315,0.0,True,False
geo_01,2025-07-14,511529.96202130656,7708.452412481875,5570.08276059046,31409.054656616914,1193.2882947978549,1169.8526085742512,3.527478256122254,0.0,True,False
geo_01,2025-07-21,603986.5409172607,6469.999271036827,2992.279395373595,32805.06110687881,1331.9039236964097,1407.780516370486,3.451095489416308,0.0,True,False
geo_01,2025-07-28,633279.9244226628,8393.93947014704,2864.852759656153,33082.356802180875,905.5030518588604,1124.9541842335686,3.5124350450377935,0.0,True,False
geo_01,2025-08-04,601812.9953771953,8583.580909870328,3370.147416693247,25215.7266098526,1052.2734765671792,1516.4327656387397,3.4532865281917027,0.0,True,False
geo_01,2025-08-11,594625.1083120416,6133.32601090007,3337.984850944323,31155.834777242195,1787.2836547100026,1145.0698701962403,3.4715077063634143,0.0,True,False
geo_01,2025-08-18,651852.0530951662,7936.260862422791,2725.7986109336134,30716.873196455417,1151.159399314601,1214.1113742083496,3.511262941902773,0.0,True,False
geo_01,2025-08-25,577587.127678072,9360.007314635874,3133.872512968553,0.0,1106.5656794230295,1244.9431391498138,3.4655078206743672,0.0,True,False
geo_01,2025-09-01,442658.13094912685,6679.3517677866475,3206.0758800322997,0.0,1430.566976584349,1108.0597374659717,3.507313770116963,0.0,True,False
geo_01,2025-09-08,499366.0516370627,6492.386228424929,2692.975850677846,0.0,993.4576286448566,1123.9653118524905,3.4410515083300277,0.0,True,False
geo_01,2025-09-15,384891.27019166417,6079.945742265202,2777.6060081043674,0.0,1397.5553758808692,805.3281964584083,3.4664077482436193,0.0,True,False
geo_01,2025-09-22,439955.7087497509,7036.687752488371,3025.232699203089,0.0,1129.3168962296481,1157.1788122527564,3.5086680084506483,0.0,True,False
geo_01,2025-09-29,422996.37181951554,4760.281836782648,5584.230239804773,0.0,1291.8081456174673,1103.7742461190553,3.5415092097973284,0.0,True,False
geo_01,2025-10-06,648289.3281485756,6464.798700547542,6319.086427491178,0.0,1187.7988454981116,1070.8408560811945,2.9567531539820577,1.0,True,False
geo_01,2025-10-13,684086.7176231821,5399.160187903153,5030.388395710024,0.0,1551.1710940583623,1261.332153394674,3.0362275615669208,1.0,True,False
geo_01,2025-10-20,594984.4715481037,6493.557350132255,3244.534962397529,0.0,1676.191601551773,1500.3822234859156,2.998019654752869,1.0,True,False
geo_01,2025-10-27,671563.5726080103,6971.789330571969,3077.5981483599044,0.0,1690.4238445202825,3602.572784073706,3.0561202458334558,1.0,True,False
geo_01,2025-11-03,667828.18961679,6636.307261935382,3089.671656722226,27891.445465493474,1154.5582162862943,3325.8473855898865,2.981522907640059,1.0,True,False
geo_01,2025-11-10,817710.4310770064,8547.009610866562,3156.6009453720617,29220.366972229232,1356.0265076736434,3818.52366089908,2.9756185717788997,1.0,True,False
geo_01,2025-11-17,669360.8242564817,5509.777338435633,2413.3377265211902,26790.99179102428,1440.3798880215463,3176.2364246350994,3.501369623315311,0.0,True,False
geo_01,2025-11-24,656394.808571735,6244.05503818828,2582.148978508049,28998.07619839018,1295.881515885911,3451.992351911714,3.4537051254411786,0.0,True,False
geo_01,2025-12-01,646748.221146045,5526.897213088367,2633.257101352165,28174.926267940034,1227.0997195623866,3213.3165625474526,3.494606828055586,0.0,True,False
geo_01,2025-12-08,698331.5101979123,7075.50719895742,3790.487393524605,36037.10438827484,1490.096007757016,2970.068027348506,3.4881588551902096,0.0,True,False
geo_01,2025-12-15,672158.3589838215,6116.236889362974,2510.3941109594707,0.0,1517.7868538231073,1902.5446757171721,3.535225890748872,0.0,True,False
geo_01,2025-12-22,625153.0996467257,6658.996430299905,3737.8795701099157,0.0,1312.1540005366255,2813.3425527817294,3.5018961012300505,0.0,True,False
geo_02,2024-01-01,349580.9817407685,4357.245037681347,2882.8718646524026,0.0,1117.458157913617,2483.327165565456,3.5404640993780108,0.0,True,False
geo_02,2024-01-08,404263.9328909411,3756.5708714686184,3441.588112246761,0.0,925.9544632744912,3108.562345411117,3.4935704493734465,0.0,True,False
geo_02,2024-01-15,359300.48198174563,3212.3526515831554,2533.887110684823,0.0,1778.1294217427953,1419.8217935414189,3.5014036719439665,0.0,True,False
geo_02,2024-01-22,318311.30421766144,4556.715875101776,2288.1447001955203,0.0,1307.1029566508,1295.8275242650896,3.529662537573022,0.0,True,False
geo_02,2024-01-29,293326.25488931296,2986.4659708768277,2090.5615408470194,0.0,1321.8826422670127,1101.8257865180058,3.518766113358302,0.0,True,False
geo_02,2024-02-05,264650.8035346864,3667.036366536159,1703.4304801218286,0.0,1027.2684866365726,815.0362083043045,3.510205582214525,0.0,True,False
geo_02,2024-02-12,338291.63627998217,3942.5577578968914,2156.155476591688,12447.545124068361,1628.362766503819,1042.3698404344846,3.4767669466281466,0.0,True,False
geo_02,2024-02-19,369853.3705293883,3508.6205322542137,1757.9897004716236,12402.090377175095,1283.8775224330532,1188.011099615886,3.454441313075689,0.0,True,False
geo_02,2024-02-26,429766.6170782015,3731.085329331538,1443.8446935103555,13399.585292602862,1189.8236491720531,1237.3150496733067,3.5031282944771456,0.0,True,False
geo_02,2024-03-04,519574.6074070624,4309.667959082007,1406.3301892707573,11643.572075520966,900.1993444600229,1020.830059730732,2.9746924106644896,1.0,True,False
geo_02,2024-03-11,560125.2372539137,3997.5051362101995,1596.4376537428907,13077.153795529233,1420.5645991191657,1504.2813295944695,3.0147343224784224,1.0,True,False
geo_02,2024-03-18,482647.9849928707,5203.529120048037,1272.4698324391984,12195.003458376552,1373.1242252115733,1109.557893201249,2.9963165079967182,1.0,True,False
geo_02,2024-03-25,523381.26851670654,3856.4836739668654,1448.9056443643976,0.0,1073.8868629843328,1301.7364068281775,2.967715698885273,1.0,True,False
geo_02,2024-04-01,497224.12340115075,3940.148267204564,2033.2233421178441,0.0,1249.047422607124,950.6430737195988,2.9980049853589508,1.0,True,False
geo_02,2024-04-08,456406.64717119193,4686.83104690553,3173.254507856898,0.0,987.0682209205468,1108.9271008986825,3.0112044961966538,1.0,True,False
geo_02,2024-04-15,331481.04669783305,4614.2880976931165,2123.5175836413277,0.0,1063.8628443097682,1268.753196337697,3.4961954520582195,0.0,True,False
geo_02,2024-04-22,355921.3333472558,4821.629046263709,2138.9945831814093,0.0,1653.5791052906932,1518.7518705447835,3.462688338481647,0.0,True,False
geo_02,2024-04-29,366649.47655140713,3858.836868617835,1986.541231506213,0.0,974.8308700356692,891.8220769079599,3.4991552820885916,0.0,True,False
geo_02,2024-05-06,325903.0266410457,4425.7512168580715,1317.4993976436365,0.0,1336.2936720213256,1226.5321978103718,3.502459359494774,0.0,True,False
geo_02,2024-05-13,336259.50299727445,3403.53074935159,1710.39115933003,0.0,1479.4903516494726,1699.6462205343341,3.518767629421578,0.0,True,False
geo_02,2024-05-20,400282.75492555404,3872.6154590286505,1892.2371486669092,0.0,1556.191615741515,1017.0236315463167,3.5151990013508065,0.0,True,False
geo_02,2024-05-27,354358.6181096153,3695.5640079903333,1674.2883132018635,0.0,1044.4635974505832,1191.0709035472962,3.4583018127974285,0.0,True,False
geo_02,2024-06-03,440984.13956337,4336.298868185423,1282.4683872029193,0.0,1379.474811561018,1405.599526382633,2.9751166364495316,1.0,True,False
geo_02,2024-06-10,400660.26930685935,4799.960477374058,1420.401201775624,0.0,1371.5010170054313,1115.0994160515613,3.0081108225258046,1.0,True,False
geo_02,2024-06-17,471917.3894444038,3985.094014873372,1690.7157822164995,0.0,1097.180286715805,988.9916361377299,2.939239409797681,1.0,True,False
geo_02,2024-06-24,354657.04731543694,4066.50777220533,1536.969762435157,0.0,1287.2591912032287,1157.8674465392658,3.5171252855032846,0.0,True,False
geo_02,2024-07-01,267208.4070939064,4718.273330429922,1758.480796732168,0.0,1597.775213340424,1198.4439090859812,3.4607031988971086,0.0,True,False
geo_02,2024-07-08,381419.2863195337,3749.27455102234,3867.1503844571753,0.0,1451.5401371396474,1565.5215062047394,3.475280030028433,0.0,True,False
geo_02,2024-07-15,381101.45060367946,4956.213038061007,2527.4091697757694,13197.95204533505,1447.8822439275218,1951.178569744482,3.5403725637052963,0.0,True,False
geo_02,2024-07-22,388165.0197662027,3027.548020072701,2294.561319449035,13929.802262805508,2094.9243293860613,1123.127295555841,3.487749547214842,0.0,True,False
geo_02,2024-07-29,385702.4662221944,4012.8816031540887,1288.9726972096992,14203.84274895007,1288.3083982094035,1338.9444689563413,3.4794644178366747,0.0,True,False
geo_02,2024-08-05,437340.303101254,4207.890181016492,1514.0950171187653,14568.250958480075,897.0787734602833,1222.696087544461,3.4998213173008845,0.0,True,False
geo_02,2024-08-12,418385.8200061818,4081.1442323010865,1827.6079422313812,11191.792871820153,1521.5598417660465,1314.5964111065136,3.486721322972923,0.0,True,False
geo_02,2024-08-19,359905.2557336376,3932.307647767157,1706.726041017991,12660.208610407462,1307.369100312178,1490.7045714488204,3.4681557751672973,0.0,True,False
geo_02,2024-08-26,345561.29956188024,3668.2803594481825,1546.017919565361,0.0,1146.478741113749,1473.0731128416905,3.4987200283334046,0.0,True,False
geo_02,2024-09-02,375902.05759532674,3029.984540492696,1359.5032659164121,0.0,1212.2308631054302,1012.0950586896435,3.5645753612041595,0.0,True,False
geo_02,2024-09-09,337494.8288406507,3700.206748049208,2024.5432576306937,0.0,1065.6153492432607,1317.497025916022,3.522095112677213,0.0,True,False
geo_02,2024-09-16,274505.92615264846,4562.097131002472,1545.8413998880994,0.0,1346.7253955535448,1207.6686227049745,3.5052829101033116,0.0,True,False
geo_02,2024-09-23,270380.66517587076,4543.689488133401,1344.9928245346562,0.0,1156.8653778044368,1096.9611372072522,3.498979218794652,0.0,True,False
geo_02,2024-09-30,390583.8217687622,5458.999158959078,2956.0458109878778,0.0,1128.9928470815275,1548.9396042964843,3.5178428385352882,0.0,True,False
geo_02,2024-10-07,436128.706238832,4758.304069850971,2239.740637368806,0.0,1714.159095212524,961.7379844428579,3.008660235140317,1.0,True,False
geo_02,2024-10-14,446910.37007182604,5363.43555462853,2683.645194303908,0.0,1524.8044292290137,1261.6906239285197,2.9643836056457955,1.0,True,False
geo_02,2024-10-21,412862.6700995703,3823.607529649899,2126.42840554554,0.0,1628.260373890553,1278.5437494320372,3.0051610334734784,1.0,True,False
geo_02,2024-10-28,479441.85618395003,3749.379468312156,1381.7785248761334,0.0,1115.2612396240118,3190.009031827993,2.9915619138525433,1.0,True,False
geo_02,2024-11-04,545349.7430618738,4235.924944098957,1604.438683068993,14034.746054307885,1106.025027943698,2944.4599436183516,3.041304114793093,1.0,True,False
geo_02,2024-11-11,587334.0222955362,4658.983982689258,1444.9668724307462,13566.99013303748,1002.9680588378308,2786.022113768548,2.983688826617786,1.0,True,False
geo_02,2024-11-18,455133.4270883901,4196.594003446357,1678.7385608316363,10960.114576702224,1479.9852782352953,3663.1171618986227,3.533686486741544,0.0,True,False
geo_02,2024-11-25,438795.9929865641,4209.212447086934,1762.8116756881127,10678.049830037726,1510.620941600504,2659.9564767812662,3.449666599043135,0.0,True,False
geo_02,2024-12-02,455016.57525454735,5042.4371342472805,1661.8886545339644,13550.157500933876,1397.3322670451264,4025.0634671922944,3.500920652354926,0.0,True,False
geo_02,2024-12-09,492200.3734739343,4124.733444122701,1608.071815219181,14543.506575978905,1474.3018046189006,3997.2333849497004,3.465170717065493,0.0,True,False
geo_02,2024-12-16,448420.7173665136,5442.3352507509435,1438.4016767627948,0.0,1664.0775754587723,4346.359179448299,3.4593794796517345,0.0,True,False
geo_02,2024-12-23,412619.36863027274,4922.575694648608,2210.088650154103,0.0,1239.9641982192632,3346.346380477148,3.517407763095124,0.0,True,False
geo_02,2024-12-30,429586.57037396746,4822.288262536155,2310.335135697784,0.0,1473.9430305714966,3947.0097247279327,3.4556883162585312,0.0,True,False
geo_02,2025-01-06,434433.4832665079,3915.6400282489276,3714.6086757690578,0.0,1103.6973125406716,4096.1428564082,3.485179974320168,0.0,True,False
geo_02,2025-01-13,353964.5479421211,4784.791385521523,2791.821418603385,0.0,960.3999430034156,1419.470564104857,3.465500758881721,0.0,True,False
geo_02,2025-01-20,335767.66211813263,4654.313632277831,2782.2121629128646,0.0,1329.0283004527726,1332.5707500885967,3.503817638277204,0.0,True,False
geo_02,2025-01-27,315369.8033658643,5154.712774539711,1579.0701548960408,0.0,623.5140278517114,1616.0059080818978,3.4996888916131748,0.0,True,False
geo_02,2025-02-03,392251.6953118707,4215.078149142166,1511.7074657412888,0.0,1489.5895055937658,1430.9692733637448,3.4144491400402073,0.0,True,False
geo_02,2025-02-10,333452.82333806483,5289.101059293557,1660.3517958022812,11652.219320466278,1496.6282313047882,1291.6584661514362,3.51447493957382,0.0,True,False
geo_02,2025-02-17,361563.7231755605,2886.394492509869,1723.4707491794409,12961.01353203618,1559.7186817230522,1276.3704522421076,3.4687323519447064,0.0,True,False
geo_02,2025-02-24,406055.41256580804,4356.598761331839,1900.613090086717,13019.461257225354,1337.678227120196,1094.0171576771577,3.560072368531564,0.0,True,False
geo_02,2025-03-03,559286.9333300316,5730.169525457944,1603.5916012037048,14971.357917558717,916.9480502543281,1406.0350982600892,3.0164388436431624,1.0,True,False
geo_02,2025-03-10,571766.4748544581,4569.523348000183,1724.4125442894965,12721.164307345834,806.9725903235567,1534.3155441631177,3.018603879906354,1.0,True,False
geo_02,2025-03-17,573028.4673597668,4347.021411982476,1703.0455757531756,14250.771136921674,1138.4016662300733,1292.7009340631587,2.9196586560537003,1.0,True,False
geo_02,2025-03-24,503041.7611727036,5628.392807142713,1660.7106633667222,0.0,1639.56968456431,1176.454219194097,3.042436012569507,1.0,True,False
geo_02,2025-03-31,541363.8671853641,4334.941281474208,2725.1278050942515,0.0,1361.8329926213803,1491.125871201014,2.9920057849664277,1.0,True,False
geo_02,2025-04-07,518720.4371658269,4173.9193330974795,2332.9957995155855,0.0,1362.8338791999922,822.948090010305,2.951120050865616,1.0,True,False
geo_02,2025-04-14,350846.1572151917,4863.221770762641,2476.453178160079,0.0,826.0444236734398,1486.6465922824398,3.501594951803456,0.0,True,False
geo_02,2025-04-21,379948.965810579,4889.095042089226,2060.1291188410305,0.0,1777.1254290045947,1351.721800220051,3.5353244646610578,0.0,True,False
geo_02,2025-04-28,356254.93224119535,4873.288100450572,1956.7830111501228,0.0,1634.6882668292603,1428.8678550627847,3.4361732462188592,0.0,True,False
geo_02,2025-05-05,385470.9452545794,4182.626646223087,1569.965420406351,0.0,1226.615528260276,715.1585332390657,3.5273133775390564,0.0,True,False
geo_02,2025-05-12,351143.61627265526,4349.069138698854,1819.2012364767786,0.0,1131.683236452402,1292.7667776164803,3.479732846102402,0.0,True,False
geo_02,2025-05-19,297732.8727446274,4377.524192206884,1535.3663188880307,0.0,1461.188727454954,1801.7639829128234,3.471466630225761,0.0,True,False
geo_02,2025-05-26,326898.81817149307,5307.042332854417,1750.5542442783951,0.0,1343.3883483417937,1582.4976384011434,3.47639180387238,0.0,True,False
geo_02,2025-06-02,511871.44611217605,4258.6118230376915,1249.8773516546096,0.0,1067.0377840692722,853.9243909414639,2.966494697674061,1.0,True,False
geo_02,2025-06-09,456574.6242663643,4590.581706562719,1635.363019371867,0.0,1080.6600324570436,1250.3990321445733,2.996558056823994,1.0,True,False
geo_02,2025-06-16,429165.6396979989,4700.271904038078,1439.9725769763727,0.0,1131.9486306046997,1560.098027756995,2.9979889054562046,1.0,True,False
geo_02,2025-06-23,316945.8011554042,4790.927901003598,2075.4109801704294,0.0,1637.360398626739,1348.8008310133164,3.526323173953027,0.0,True,False
geo_02,2025-06-30,325210.7449514966,4881.625024455754,2359.1170690392323,0.0,1055.5486094725625,1269.0839515238652,3.538550163278552,0.0,True,False
geo_02,2025-07-07,347839.1670652929,4814.559137151938,2331.5588857167154,0.0,1442.582071490434,966.4286000681839,3.479791170789315,0.0,True,False
geo_02,2025-07-14,308750.9565715105,5238.35220671397,2278.095819194655,13548.940410573068,1600.782696645313,1621.808966163511,3.527478256122254,0.0,True,False
geo_02,2025-07-21,426564.84690427687,3966.0103605033314,2350.6279835154073,12729.907933220607,1320.4226354009913,943.4777128212471,3.451095489416308,0.0,True,False
geo_02,2025-07-28,420281.9040553977,4614.697333586661,1496.9737954681557,11416.732214139927,1104.5987230102094,1135.3710494156467,3.5124350450377935,0.0,True,False
geo_02,2025-08-04,402362.36473816604,5536.313760788252,1620.1247375663568,12258.15726591,1135.5907149477976,1485.370442538007,3.4532865281917027,0.0,True,False
geo_02,2025-08-11,455545.82104021974,5096.006586058895,1137.7111555899512,14297.251565856495,1516.3654122207092,1054.0662246454706,3.4715077063634143,0.0,True,False
geo_02,2025-08-18,388364.78597936576,5170.554261122522,1639.8761596315196,12625.543646593806,875.8955811113677,1087.7016414261707,3.511262941902773,0.0,True,False
geo_02,2025-08-25,338227.4650561421,4716.81272185042,1557.3477319714182,0.0,1642.3904462129276,1526.8014188692528,3.4655078206743672,0.0,True,False
geo_02,2025-09-01,379229.8868130287,4822.082158420106,1298.0155601202716,0.0,1847.942807990189,1402.2289744476525,3.507313770116963,0.0,True,False
geo_02,2025-09-08,324088.362803773,5068.731312711609,1828.0622036369832,0.0,885.3757753598235,1505.1720399651967,3.4410515083300277,0.0,True,False
geo_02,2025-09-15,317012.2064170589,5987.0262344646,1680.5495028931673,0.0,738.9326709531775,1040.5402875181205,3.4664077482436193,0.0,True,False
geo_02,2025-09-22,353885.97606772213,4492.224073038053,1565.539228959929,0.0,1267.2271139383165,897.6291703281418,3.5086680084506483,0.0,True,False
geo_02,2025-09-29,341526.80385464855,5720.893489489536,2283.4444048595883,0.0,1294.1044833820145,1262.6681629364634,3.5415092097973284,0.0,True,False
geo_02,2025-10-06,574162.0717071381,4050.3414909986873,2991.652731673809,0.0,1791.1183397358052,1332.633294686241,2.9567531539820577,1.0,True,False
geo_02,2025-10-13,476165.6880348949,4516.909911765324,3664.620627700951,0.0,1060.7489424809407,1277.0163408459578,3.0362275615669208,1.0,True,False
geo_02,2025-10-20,528081.9774491325,5169.607658290111,2129.9978502021995,0.0,1338.9429998378835,1188.7689026851651,2.998019654752869,1.0,True,False
geo_02,2025-10-27,494240.8220143941,4999.503818751146,1433.8707833571432,0.0,1335.4115569287708,2717.9932623902832,3.0561202458334558,1.0,True,False
geo_02,2025-11-03,589450.0670413612,4397.468353602869,1708.009149416881,13352.613717545444,729.2224444927155,4067.713586208371,2.981522907640059,1.0,True,False
geo_02,2025-11-10,565984.2854602003,5050.361700856866,1628.145944374337,11450.785111224379,1983.8326145993694,2866.5194960794843,2.9756185717788997,1.0,True,False
geo_02,2025-11-17,389859.0042561536,5967.494936421038,1701.0381357122046,10417.051136557642,1424.3151429803654,3735.081022180555,3.501369623315311,0.0,True,False
geo_02,2025-11-24,535891.2558047771,4324.227968293577,1405.6457121270957,11562.357867879331,943.914654358853,4713.176834700075,3.4537051254411786,0.0,True,False
geo_02,2025-12-01,451692.6376627219,4230.444314316723,1698.918959726407,14653.424080339028,945.9902826343621,3541.1884483556614,3.494606828055586,0.0,True,False
geo_02,2025-12-08,482042.07965161314,4519.809223205602,973.6224239070611,13408.373870574322,1401.645240794241,2321.5829973838418,3.4881588551902096,0.0,True,False
geo_02,2025-12-15,542097.5080981948,5262.613686590966,1639.0809342031253,0.0,1705.5212405126447,5023.996157778198,3.535225890748872,0.0,True,False
geo_02,2025-12-22,462559.4412942311,5548.614119917094,1580.1021107983634,0.0,1375.049077319973,2805.9966120301865,3.5018961012300505,0.0,True,False
geo_03,2024-01-01,268379.0217492995,1815.557118056882,3147.7754511271046,0.0,969.9035958447029,2450.8461584453266,3.5404640993780108,0.0,True,False
geo_03,2024-01-08,334894.16841734335,1353.5766285870852,3377.411760911189,0.0,770.2670708455676,2165.7525592291117,3.4935704493734465,0.0,True,False
geo_03,2024-01-15,317623.2670258256,2154.006808338765,3186.119241476682,0.0,458.6942436747239,670.5237750259079,3.5014036719439665,0.0,True,False
geo_03,2024-01-22,275440.4692601656,1825.320805495853,2351.8672606373575,0.0,718.3488531003647,1144.7577463613868,3.529662537573022,0.0,True,False
geo_03,2024-01-29,215991.93053971382,1489.117805397071,2176.1168939925574,0.0,831.385744401573,1098.5963506783285,3.518766113358302,0.0,True,False
geo_03,2024-02-05,261836.44045124613,2128.2672012459557,1978.7912245421153,0.0,964.8231634464174,1231.9796831826839,3.510205582214525,0.0,True,False
geo_03,2024-02-12,311264.2114804537,2086.767984481307,1816.1635313137588,14855.563289956555,926.1468861942317,920.9700260746362,3.4767669466281466,0.0,True,False
geo_03,2024-02-19,315388.9167617985,1427.5303327241725,2264.1184414297045,16021.150688649925,687.1017998178149,1071.4642006309389,3.454441313075689,0.0,True,False
geo_03,2024-02-26,270663.32297815173,2134.346845617089,1202.6646475749637,16492.93230082092,986.0907310932745,1152.7995108036594,3.5031282944771456,0.0,True,False
geo_03,2024-03-04,418753.0311198587,1666.7060532100063,2079.7303932940076,14249.257721315975,886.2016927368244,1147.7867912031925,2.9746924106644896,1.0,True,False
geo_03,2024-03-11,463314.52125831833,1570.2493547121705,1747.9892149643856,15035.532101314324,1273.5472691898765,465.21982990003204,3.0147343224784224,1.0,True,False
geo_03,2024-03-18,469000.42229284975,2048.935624414632,1815.0946182442385,13208.741702485448,1153.6981451343897,1517.2771422693315,2.9963165079967182,1.0,True,False
geo_03,2024-03-25,448696.5488360467,1646.8445413313705,2117.384231412661,0.0,1010.4319023831827,980.7462562821122,2.967715698885273,1.0,True,False
geo_03,2024-04-01,410293.29811101395,1446.5496184107149,3136.4050043224956,0.0,918.3501100191074,762.637927168345,2.9980049853589508,1.0,True,False
geo_03,2024-04-08,329936.262419215,1693.0713266611187,3068.6877492693047,0.0,756.1536500517828,845.2560151521395,3.0112044961966538,1.0,True,False
geo_03,2024-04-15,267020.3293056521,1743.36218255952,3266.308288396909,0.0,1072.7831019620685,941.3864572536419,3.4961954520582195,0.0,True,False
geo_03,2024-04-22,219382.37232792797,1860.975588798236,2734.2077490727575,0.0,1094.389973026084,1100.6404105998113,3.462688338481647,0.0,True,False
geo_03,2024-04-29,283447.77059034246,1648.871886867178,1992.3616886129066,0.0,736.1376339939668,1372.7937267043128,3.4991552820885916,0.0,True,False
geo_03,2024-05-06,262988.15307635185,1939.837753683351,2050.530022410448,0.0,924.612391882857,613.6343446549757,3.502459359494774,0.0,True,False
geo_03,2024-05-13,253768.63675550674,1975.3796624639301,1860.2255227010562,0.0,1207.6009069526128,985.4593702982942,3.518767629421578,0.0,True,False
geo_03,2024-05-20,249935.55766328925,1882.1687983279096,1883.065672404619,0.0,917.0360068506911,1102.5790647814067,3.5151990013508065,0.0,True,False
geo_03,2024-05-27,305633.903882427,1886.8573066399917,1730.887446702422,0.0,806.0482116440214,798.3348242435787,3.4583018127974285,0.0,True,False
geo_03,2024-06-03,381871.43102022837,1165.4413868751435,1590.7073476001415,0.0,853.3071893118762,1154.4623716859442,2.9751166364495316,1.0,True,False
geo_03,2024-06-10,391057.44723750453,1966.1502428989406,1757.804744318245,0.0,1322.0595175496107,921.8583326048887,3.0081108225258046,1.0,True,False
geo_03,2024-06-17,394101.5577628948,1620.9148876476872,1928.1939183015968,0.0,868.355751051769,1129.057064041791,2.939239409797681,1.0,True,False
geo_03,2024-06-24,289788.3100465579,1444.3800819154417,2325.0570877776604,0.0,717.7234491039237,1087.2125178330548,3.5171252855032846,0.0,True,False
geo_03,2024-07-01,278701.63920147246,1872.0485005924525,3151.6671378003157,0.0,1049.6549037967854,1221.2832681032394,3.4607031988971086,0.0,True,False
geo_03,2024-07-08,281272.20556909114,1433.3147891471106,3478.668567594868,0.0,927.2891195766358,899.3534921789479,3.475280030028433,0.0,True,False
geo_03,2024-07-15,290465.73371072044,1972.2876866690378,3194.033089393327,12931.084593052667,983.6196835783035,482.6743235582835,3.5403725637052963,0.0,True,False
geo_03,2024-07-22,334465.03429836227,2452.516185527979,2346.5607372688605,15232.228585981966,904.9718990014273,676.3686678750925,3.487749547214842,0.0,True,False
geo_03,2024-07-29,380425.0980710409,2286.0344708992097,1998.129471208935,13259.55755767312,806.659361375869,1122.779767169176,3.4794644178366747,0.0,True,False
geo_03,2024-08-05,295885.78726195067,1841.4024647447543,1670.2188840050435,13363.402680337244,1509.3776603305566,1117.947725238181,3.4998213173008845,0.0,True,False
geo_03,2024-08-12,320409.98724287713,1554.0368650360692,1784.7703178435374,13286.74627168676,685.4162263584088,954.2593925584703,3.486721322972923,0.0,True,False
geo_03,2024-08-19,280116.23882888904,2005.0981242727526,1663.4073383811437,14117.940584399445,800.0924813794071,1087.5339558642886,3.4681557751672973,0.0,True,False
geo_03,2024-08-26,345113.016557624,1852.7281985677248,2199.1694222152914,0.0,1030.0891406024703,911.000107977474,3.4987200283334046,0.0,True,False
geo_03,2024-09-02,352978.35943511524,2216.6352043722577,1909.8962763792065,0.0,1295.9010531569825,1086.8792692541087,3.5645753612041595,0.0,True,False
geo_03,2024-09-09,249482.49866597744,1724.1284600952356,1940.671126732301,0.0,857.3640760202501,1231.692949158797,3.522095112677213,0.0,True,False
geo_03,2024-09-16,278967.44252799137,1762.0923334958613,2106.0410548778686,0.0,1174.6603163180066,839.0789984759915,3.5052829101033116,0.0,True,False
geo_03,2024-09-23,328291.1355316986,1804.5033683007514,2186.812297948911,0.0,807.9455705115761,1029.8565341686487,3.498979218794652,0.0,True,False
geo_03,2024-09-30,237958.1038861208,2333.858825662658,3659.992130995242,0.0,900.1939594920497,1029.0827093669368,3.5178428385352882,0.0,True,False
geo_03,2024-10-07,401265.490201695,2317.6592540078063,3448.4279156582975,0.0,934.2380639339437,816.0073272132056,3.008660235140317,1.0,True,False
geo_03,2024-10-14,414436.4586566932,1930.2475945150359,4004.757565173658,0.0,907.5774411689052,1149.3772028770682,2.9643836056457955,1.0,True,False
geo_03,2024-10-21,362258.18449396885,2232.4959106056,2135.012947116423,0.0,1207.6502976717318,1419.7337281653574,3.0051610334734784,1.0,True,False
geo_03,2024-10-28,395481.87257534405,1848.5360967953413,2179.68533356585,0.0,772.1316199973016,2724.860257632479,2.9915619138525433,1.0,True,False
geo_03,2024-11-04,479057.73254057555,2096.8382408005236,1700.5190305788926,14251.873182871128,990.6145171309604,3995.5101301969203,3.041304114793093,1.0,True,False
geo_03,2024-11-11,457654.02966192865,1711.9860520083591,2099.334373626128,13342.632139480924,1092.542983275372,3097.1650788902643,2.983688826617786,1.0,True,False
geo_03,2024-11-18,340479.2023984518,2083.9247992569867,1780.5842207945132,16469.806980342873,815.5181735419031,2937.688278240279,3.533686486741544,0.0,True,False
geo_03,2024-11-25,385782.1389571162,1944.557397821649,2067.1796619712777,14447.308795053514,833.302652820154,3315.9909701696083,3.449666599043135,0.0,True,False
geo_03,2024-12-02,412935.6067697738,2128.811575935075,1677.6703436314542,12558.00088495378,899.6436492015384,2733.905739011635,3.500920652354926,0.0,True,False
geo_03,2024-12-09,417615.08508770633,2004.872333914038,1587.726127887341,14840.514762014947,1103.1156461381534,2724.422945494964,3.465170717065493,0.0,True,False
geo_03,2024-12-16,444665.73121028964,1937.274462782678,2240.7324599425656,0.0,1213.6682335507928,2203.743625179946,3.4593794796517345,0.0,True,False
geo_03,2024-12-23,382109.12353221735,2430.4187884030107,2907.6715441552215,0.0,763.9782186149043,2358.1602788747027,3.517407763095124,0.0,True,False
geo_03,2024-12-30,349253.3653106591,1859.6094857459,3185.5839483422938,0.0,907.3784773122742,2767.9397470805934,3.4556883162585312,0.0,True,False
geo_03,2025-01-06,326280.86097193154,1582.8202670437136,3315.3536650491183,0.0,907.2002287879665,3295.663597390045,3.485179974320168,0.0,True,False
geo_03,2025-01-13,317992.5570455612,2189.634037266311,2775.0444564771956,0.0,1007.6728095662804,1150.171937135814,3.465500758881721,0.0,True,False
geo_03,2025-01-20,260621.76920054032,1795.2886416867327,2277.125955473276,0.0,1126.8603273266363,859.3228974891464,3.503817638277204,0.0,True,False
geo_03,2025-01-27,319897.3421237588,1970.6860594655427,1915.7256820300984,0.0,838.7298144352136,964.4509996238397,3.4996888916131748,0.0,True,False
geo_03,2025-02-03,315332.5425493783,2213.423390287878,2000.895348831535,0.0,805.9529920814819,803.7308706153416,3.4144491400402073,0.0,True,False
geo_03,2025-02-10,321400.99473127583,1909.9772046025269,1518.9361954998967,16942.54966157579,1168.848218158038,694.6900833677599,3.51447493957382,0.0,True,False
geo_03,2025-02-17,376315.4287777875,1895.6234871380361,1525.6078913020322,16036.245927993503,752.5173521735928,1059.2076743382863,3.4687323519447064,0.0,True,False
geo_03,2025-02-24,334606.7807817607,2102.0645689760086,2272.814266225586,16206.322374069177,902.0524124459437,1036.3813031786747,3.560072368531564,0.0,True,False
geo_03,2025-03-03,540278.2391505936,2521.2486817246845,1905.2978955889303,15132.884637604027,958.2471898117136,1159.0181428238375,3.0164388436431624,1.0,True,False
geo_03,2025-03-10,447638.5379476647,1628.7938118697318,2058.1006270639177,13405.577776097742,1038.68419618986,992.5694094184174,3.018603879906354,1.0,True,False
geo_03,2025-03-17,472769.0900660083,2311.7470694962553,1744.4855644510912,16733.543643332276,810.7232248464055,1248.27365276786,2.9196586560537003,1.0,True,False
geo_03,2025-03-24,448492.04675702134,2271.7719269520485,2498.259075781572,0.0,865.7010459046298,891.3808518635666,3.042436012569507,1.0,True,False
geo_03,2025-03-31,405021.4232476704,2231.930340964687,2701.666787842865,0.0,902.2714287699112,912.9884152151283,2.9920057849664277,1.0,True,False
geo_03,2025-04-07,396911.97352605814,2182.5099612741706,2939.276145400245,0.0,903.4767427868212,1052.1352828074089,2.951120050865616,1.0,True,False
geo_03,2025-04-14,305346.573936279,1667.266091361403,3135.294415475754,0.0,1092.4691759824918,1226.4976155097354,3.501594951803456,0.0,True,False
geo_03,2025-04-21,273131.4906416648,2079.7078349295543,2608.347486222382,0.0,689.4064098403586,1163.3929016996644,3.5353244646610578,0.0,True,False
geo_03,2025-04-28,313290.46712703456,1930.4703870683381,2001.5018666953176,0.0,1167.4199834808246,975.9284796803864,3.4361732462188592,0.0,True,False
geo_03,2025-05-05,288872.41823033453,2208.9561980286694,1870.069809903099,0.0,1030.5924909669823,1115.8730039351926,3.5273133775390564,0.0,True,False
geo_03,2025-05-12,264379.0619409198,2118.0739753232374,1997.1840695937017,0.0,982.4153581760262,1268.0194778795972,3.479732846102402,0.0,True,False
geo_03,2025-05-19,265109.57937533915,1787.830353450199,1985.166869405138,0.0,1034.226406967819,1194.4610264284254,3.471466630225761,0.0,True,False
geo_03,2025-05-26,299095.80127267307,1779.9145735195355,1880.5794587435328,0.0,1257.5958926772498,669.8660971977112,3.47639180387238,0.0,True,False
geo_03,2025-06-02,449445.40146120335,1848.389308584867,1771.6603547058464,0.0,986.7054014348954,1377.4181610413434,2.966494697674061,1.0,True,False
geo_03,2025-06-09,425243.35508540424,2579.8844604236388,1549.178800841078,0.0,1425.3445365221553,986.3036808327021,2.996558056823994,1.0,True,False
geo_03,2025-06-16,411979.5371833211,2613.007098871278,2200.0692635519695,0.0,1171.7603460004523,1158.060297327561,2.9979889054562046,1.0,True,False
geo_03,2025-06-23,276802.0339169543,2587.616480443475,2131.374899558848,0.0,999.4976696471489,959.1299128537529,3.526323173953027,0.0,True,False
geo_03,2025-06-30,301924.29443623155,2352.8667778592685,3244.395213932748,0.0,763.3669565053149,922.1901568819603,3.538550163278552,0.0,True,False
geo_03,2025-07-07,331330.6838966329,2351.0769979640195,3690.2317380098466,0.0,591.8596234382818,1095.9931928780466,3.479791170789315,0.0,True,False
geo_03,2025-07-14,348572.6854955599,2442.541656356112,3019.146511273313,13229.16150555192,1028.0544421888305,909.5683423271354,3.527478256122254,0.0,True,False
geo_03,2025-07-21,393374.1947395107,2539.5091273199423,1771.3625711176594,16024.3133066546,1152.4878893493028,1190.1909727798804,3.451095489416308,0.0,True,False
geo_03,2025-07-28,400205.83985088,2288.5994341271853,2308.419856811401,17921.66811050192,570.5508234167005,754.8317522040943,3.5124350450377935,0.0,True,False
geo_03,2025-08-04,412295.4768381853,2566.5556019667615,2165.3551701154665,17383.45004183586,718.2197783601291,1074.3616028866543,3.4532865281917027,0.0,True,False
geo_03,2025-08-11,399043.91043581965,2566.469133391075,2505.391873617415,14532.774674274511,912.0809254303579,1130.5355731571192,3.4715077063634143,0.0,True,False
geo_03,2025-08-18,373150.8699183167,1977.83121745184,1681.943585951427,14996.649603684104,909.559364785387,1331.371594620894,3.511262941902773,0.0,True,False
geo_03,2025-08-25,358884.4783445432,1890.221187321251,2083.808692465337,0.0,902.9122954759213,544.2334548688743,3.4655078206743672,0.0,True,False
geo_03,2025-09-01,319373.3733964502,2172.514422696294,1988.790792204346,0.0,644.8657143121135,1231.0850787427066,3.507313770116963,0.0,True,False
geo_03,2025-09-08,326955.5656123378,2160.676439753931,1495.4511926518744,0.0,633.7021102707504,1112.9887984213933,3.4410515083300277,0.0,True,False
geo_03,2025-09-15,334678.4832240242,2351.807481245409,1854.253894067028,0.0,523.5807721325232,801.9559374291698,3.4664077482436193,0.0,True,False
geo_03,2025-09-22,256432.53456210473,2783.0923487867412,2306.32873852933,0.0,810.2428574782376,1190.3956399776057,3.5086680084506483,0.0,True,False
geo_03,2025-09-29,274205.47192728124,2182.8367545486744,2735.54968113026,0.0,1080.991819769999,907.8731605910036,3.5415092097973284,0.0,True,False
geo_03,2025-10-06,489395.0972763845,3089.6224522752323,4165.142558503071,0.0,1270.7102914425752,736.3266894270513,2.9567531539820577,1.0,True,False
geo_03,2025-10-13,422730.2905474899,1962.6423877679395,4021.9474496135367,0.0,799.2697976515063,917.2674068187897,3.0362275615669208,1.0,True,False
geo_03,2025-10-20,455485.0004271881,2352.3158264455906,2363.3632961688318,0.0,704.7013922461477,963.6605560411261,2.998019654752869,1.0,True,False
geo_03,2025-10-27,453692.9266976323,1807.524453543689,2056.8080180351344,0.0,1033.3428599113952,2604.8335915896264,3.0561202458334558,1.0,True,False
geo_03,2025-11-03,435367.2268530817,2068.9689292461967,1761.7184262932851,16876.903156529195,1159.6950396086856,3114.061545118789,2.981522907640059,1.0,True,False
geo_03,2025-11-10,502971.35145827814,2407.680289374218,1479.6560678897927,16028.545231852953,1249.3168682634778,2463.002283220971,2.9756185717788997,1.0,True,False
geo_03,2025-11-17,376472.1837543635,2683.486274281039,1838.1945324108983,16021.663498467746,991.8867836820799,3346.196160647288,3.501369623315311,0.0,True,False
geo_03,2025-11-24,360963.2152311646,2639.077270570387,1962.7364604862953,12201.79218597172,920.8992985114231,1834.3177125756076,3.4537051254411786,0.0,True,False
geo_03,2025-12-01,416331.44788471196,1992.8986831076645,1426.1284125393097,13716.551964012502,512.7267658831328,3051.038819152989,3.494606828055586,0.0,True,False
geo_03,2025-12-08,422926.46457171283,2385.098403203522,1686.8231910523184,16359.62221920893,722.0157833254099,2678.8844428954576,3.4881588551902096,0.0,True,False
geo_03,2025-12-15,422128.66666810523,3013.2333937851995,1777.3421912865222,0.0,734.4809113339077,3092.0138584801575,3.535225890748872,0.0,True,False
geo_03,2025-12-22,407950.83824339474,1772.5390117544925,2442.968116703847,0.0,648.0427580638005,3178.6845164790716,3.5018961012300505,0.0,True,False
geo_04,2024-01-01,255663.68256642914,1629.0276755017126,1054.1816672204457,0.0,919.2074941764491,4300.50955240376,3.5404640993780108,0.0,True,True
geo_04,2024-01-08,290353.7867840737,1894.7561584528914,1524.1158835738686,0.0,1009.8535087178219,3265.552662813804,3.4935704493734465,0.0,True,True
geo_04,2024-01-15,294362.26281180023,1521.7949071453172,1559.7158557435375,0.0,859.9432843840207,1007.5250884718286,3.5014036719439665,0.0,True,True
geo_04,2024-01-22,200474.5920581069,1825.4961151792363,1059.8046923216484,0.0,794.7656052891598,1670.2372214430416,3.529662537573022,0.0,True,True
geo_04,2024-01-29,191975.77485308924,1932.021381863784,934.3488409167948,0.0,740.5695966026242,1833.3229481802462,3.518766113358302,0.0,True,True
geo_04,2024-02-05,247946.83009850775,2388.2447171840327,632.1674201735294,0.0,718.4120535593344,1820.5114896140844,3.510205582214525,0.0,True,True
geo_04,2024-02-12,275655.3851037845,2395.1052490433976,683.4399109362728,16242.116470160345,987.7662799798359,1841.883631703608,3.4767669466281466,0.0,True,True
geo_04,2024-02-19,315196.64051149844,2131.0752006589214,883.8034952936673,15112.751891075424,1052.7161491826791,1265.8831329017123,3.454441313075689,0.0,True,True
geo_04,2024-02-26,310714.520889334,2133.9695642854113,675.7014454864078,14998.827324056158,817.9912382417097,1302.5984630382143,3.5031282944771456,0.0,True,True
geo_04,2024-03-04,467719.4357254239,2065.641410626745,732.5258126767577,15686.367390626569,893.2361190127998,1269.6078153088508,2.9746924106644896,1.0,True,True
geo_04,2024-03-11,472310.24264553754,2109.5418606623593,799.1339946582315,15145.87316133243,1125.0313619073884,1487.817142983391,3.0147343224784224,1.0,True,True
geo_04,2024-03-18,399853.78359272645,1903.2215690760652,853.4674323875286,13784.644313440445,641.775495792075,1909.2335697076628,2.9963165079967182,1.0,True,True
geo_04,2024-03-25,430208.82261924824,1655.5517142452572,1232.6886840571883,0.0,477.05062758777433,1806.8505117558884,2.967715698885273,1.0,True,True
geo_04,2024-04-01,378157.5758072591,2511.941414591746,1217.95357041672,0.0,724.5298993955648,932.3316918834715,2.9980049853589508,1.0,True,True
geo_04,2024-04-08,352696.70039123803,2093.093848174829,1543.5907077800252,0.0,1034.3626683817386,1693.3666186657454,3.0112044961966538,1.0,True,True
geo_04,2024-04-15,235128.2333098856,1366.9358147956552,1153.907529180383,0.0,667.2345272562818,918.551739947396,3.4961954520582195,0.0,True,True
geo_04,2024-04-22,237470.8869857084,1841.8275452592138,879.1883083048841,0.0,616.9820794564565,1822.7539992725629,3.462688338481647,0.0,True,True
geo_04,2024-04-29,244257.1946145898,2158.468214497958,916.2801579375953,0.0,797.4440672448695,1688.3544228720389,3.4991552820885916,0.0,True,True
geo_04,2024-05-06,236229.8713251966,1811.9947911306149,832.2826020585129,0.0,905.7816487630884,1849.0381328790272,3.502459359494774,0.0,True,True
geo_04,2024-05-13,232113.43384334634,1684.6586519672007,938.1052995761895,0.0,599.6228882548332,2316.4274158434782,3.518767629421578,0.0,True,True
geo_04,2024-05-20,158114.7468517986,1516.216197488188,859.7990079525663,0.0,874.4684300032158,1159.8466215875744,3.5151990013508065,0.0,True,True
geo_04,2024-05-27,246209.71881798358,2259.440093403917,872.0063239882487,0.0,883.7715674920249,1293.3526132350403,3.4583018127974285,0.0,True,True
geo_04,2024-06-03,352365.9471748094,1437.1086613377777,719.150573043281,0.0,924.4382195283921,1593.162902370125,2.9751166364495316,1.0,True,True
geo_04,2024-06-10,383701.1294247499,2296.558090595804,980.1263806948069,0.0,856.3898607059734,1888.7718829300961,3.0081108225258046,1.0,True,True
geo_04,2024-06-17,354877.11801703286,1411.2616772401566,892.2211414053471,0.0,882.4152532624316,1500.124650152881,2.939239409797681,1.0,True,True
geo_04,2024-06-24,201690.88189776608,1663.3390665397023,1319.4752779849662,0.0,658.2663046925617,1357.7136314097163,3.5171252855032846,0.0,True,True
geo_04,2024-07-01,234204.35516391997,2102.998472974278,1211.391408058379,0.0,994.6995466448863,1631.5521664465605,3.4607031988971086,0.0,True,True
geo_04,2024-07-08,248186.74457570867,2103.1813304530624,1788.2718905938546,0.0,924.0896101403108,1397.0020000103802,3.475280030028433,0.0,True,True
geo_04,2024-07-15,254975.0302249738,2001.748130734991,1313.7977582765616,17931.912838502798,856.54869338793,1482.6809483632294,3.5403725637052963,0.0,True,True
geo_04,2024-07-22,290135.9038402008,2221.3179253700177,1411.8175022581245,15889.42543385886,555.1026641506817,1132.6344297933829,3.487749547214842,0.0,True,True
geo_04,2024-07-29,293556.0372281716,2225.074488265755,956.3920599722273,15549.197589130248,692.5829739611223,1695.2127491794702,3.4794644178366747,0.0,True,True
geo_04,2024-08-05,358224.7546392665,2092.580846308709,950.8722586012271,11674.947862686076,426.0562747936094,937.3805147808514,3.4998213173008845,0.0,True,True
geo_04,2024-08-12,352370.5948477093,2301.5892905735273,1006.1550588510111,15803.10541115281,860.7209208308147,2114.2499870268175,3.486721322972923,0.0,True,True
geo_04,2024-08-19,346696.152545805,2363.3734501022664,820.0444787258019,12964.327559321013,871.2158703160029,1808.9698693378182,3.4681557751672973,0.0,True,True
geo_04,2024-08-26,274166.96393181366,2002.102396306867,945.5657777211627,0.0,630.4942629863735,1301.358630420854,3.4987200283334046,0.0,True,True
geo_04,2024-09-02,280294.4085277396,1732.8662217580252,658.6010151750835,0.0,1021.771184948444,1099.2247448913797,3.5645753612041595,0.0,True,True
geo_04,2024-09-09,248563.76035828103,1957.0110760198677,848.690248675144,0.0,1074.178912845548,1873.061775673232,3.522095112677213,0.0,True,True
geo_04,2024-09-16,262879.6453597871,1603.3319231977782,826.200287803344,0.0,854.7783215069752,865.3903251379872,3.5052829101033116,0.0,True,True
geo_04,2024-09-23,216203.15015473188,2191.218479001473,1010.9202729193414,0.0,723.8417515939482,1425.322344926068,3.498979218794652,0.0,True,True
geo_04,2024-09-30,254184.77981100875,2087.5185409682877,1064.8613824301017,0.0,1038.8308585701204,1755.207512926734,3.5178428385352882,0.0,True,True
geo_04,2024-10-07,342085.5396069254,2333.450739098466,1486.5783741465054,0.0,705.4444702725407,1726.1642897950774,3.008660235140317,1.0,True,True
geo_04,2024-10-14,361957.5150946391,1801.5407553791485,1605.601347586235,0.0,953.331976474758,1772.2895794751535,2.9643836056457955,1.0,True,True
geo_04,2024-10-21,361321.2369176855,2469.8865799907217,782.2560951435773,0.0,593.8354729773598,1745.3742131501424,3.0051610334734784,1.0,True,True
geo_04,2024-10-28,359798.3376472336,1892.4559291871763,762.4090757444804,0.0,1060.4079319845127,5045.85204505573,2.9915619138525433,1.0,True,True
geo_04,2024-11-04,426147.0791428095,1872.6789397737286,749.3740337716014,16527.781068554523,778.9856956835899,5324.63483003826,3.041304114793093,1.0,True,True
geo_04,2024-11-11,411062.2855883788,1916.2079375233166,806.093528703836,14986.499572356845,583.5744391288343,4167.964258655519,2.983688826617786,1.0,True,True
geo_04,2024-11-18,312441.1842330977,1946.6347922066698,883.2613623884638,16467.699978893666,719.3963934986683,4889.242686232587,3.533686486741544,0.0,True,True
geo_04,2024-11-25,373488.96494413365,2179.3606054137604,831.7957245430332,14650.928776073672,867.2016064348846,4393.229102373619,3.449666599043135,0.0,True,True
geo_04,2024-12-02,416020.31990058895,2447.9578890292287,998.363435257398,14863.364763561423,682.1845594757355,4565.977232338677,3.500920652354926,0.0,True,True
geo_04,2024-12-09,411803.4766254647,2357.5443831853945,911.6050846719679,16815.56705136406,781.7258201097848,2715.2018792662257,3.465170717065493,0.0,True,True
geo_04,2024-12-16,349524.9289654398,2190.1897816807414,635.5992852455273,0.0,926.9121386234076,4013.7815061805277,3.4593794796517345,0.0,True,True
geo_04,2024-12-23,404821.76663492573,2857.8092740081697,1031.8633831096238,0.0,878.6200801000554,4078.4325414181926,3.517407763095124,0.0,True,True
geo_04,2024-12-30,331077.63395746314,2373.7782188204023,1493.7550308225088,0.0,958.6009310464407,3170.3266235639703,3.4556883162585312,0.0,True,True
geo_04,2025-01-06,309094.1933039286,2644.2371956388556,1427.9928431177907,0.0,784.7679372496677,4485.989432644811,3.485179974320168,0.0,True,True
geo_04,2025-01-13,259426.38543614314,2097.287967709067,1683.4143510229028,0.0,643.4999220728465,1643.403425420283,3.465500758881721,0.0,True,True
geo_04,2025-01-20,277610.07769664,2036.2107055550505,1420.3590322882064,0.0,857.9388347401241,1833.4354862211183,3.503817638277204,0.0,True,True
geo_04,2025-01-27,239381.12762000557,2080.766621440636,855.3568087792912,0.0,1128.578529774394,1957.0369950306226,3.4996888916131748,0.0,True,True
geo_04,2025-02-03,301039.6080295948,2619.8791863064694,898.1002872383905,0.0,711.9624344179156,971.2183156878193,3.4144491400402073,0.0,True,True
geo_04,2025-02-10,245691.78846882575,2859.984863592023,595.9139373320679,15790.07388021504,477.6829753725923,1360.649945808594,3.51447493957382,0.0,True,True
geo_04,2025-02-17,284787.24993901025,2160.047768742686,742.0119035379391,14571.45710440802,1046.1738557054275,1467.0890807620983,3.4687323519447064,0.0,True,True
geo_04,2025-02-24,308867.26827026973,2137.124119037716,954.5029279420028,16317.199709663524,948.5240744308238,1542.0510578574563,3.560072368531564,0.0,True,True
geo_04,2025-03-03,466487.9330801758,2301.2497942679884,699.5162350702428,12086.985280742445,598.2135975170395,2001.047315875376,3.0164388436431624,1.0,True,True
geo_04,2025-03-10,450257.3903738541,2346.385432004423,863.4886859233494,15260.160014126719,579.7357323540497,1785.9884297172134,3.018603879906354,1.0,True,True
geo_04,2025-03-17,427049.2727436037,2137.5940491402503,902.6683189337211,14394.981788386756,607.1682180178118,1260.1419736183593,2.9196586560537003,1.0,True,True
geo_04,2025-03-24,458035.9228235131,1792.5067827254393,984.143888381585,0.0,704.9569175265399,1402.151316747116,3.042436012569507,1.0,True,True
geo_04,2025-03-31,394489.96824062115,1861.149220745184,1570.7251196165978,0.0,949.2284904916847,1314.4366417114272,2.9920057849664277,1.0,True,True
geo_04,2025-04-07,372486.3852289382,2653.9197212100084,1488.7444365228168,0.0,628.7194894263757,1447.5285070364255,2.951120050865616,1.0,True,True
geo_04,2025-04-14,192942.37942735612,2449.72207504426,1820.1767251001033,0.0,719.0358227491275,1305.2749583869693,3.501594951803456,0.0,True,True
geo_04,2025-04-21,238013.55601301658,2218.236082181807,831.8288085194124,0.0,641.9125510916539,1970.8195599860721,3.5353244646610578,0.0,True,True
geo_04,2025-04-28,226016.00700661607,2434.3406866813107,828.1566188352627,0.0,810.791959466786,987.069491092739,3.4361732462188592,0.0,True,True
geo_04,2025-05-05,274570.57548550563,2150.3220940258834,784.5259566934606,0.0,739.6125776241279,1567.7259789119908,3.5273133775390564,0.0,True,True
geo_04,2025-05-12,270791.6682085084,2252.1985397342096,838.9863862502125,0.0,826.9925188699837,1834.09195379984,3.479732846102402,0.0,True,True
geo_04,2025-05-19,213519.31684863404,2779.784077652362,973.7069455072462,0.0,956.7230877730145,1610.2128870820434,3.471466630225761,0.0,True,True
geo_04,2025-05-26,258572.23438054463,2963.8951449969286,713.9318946297035,0.0,1092.3246678535559,1258.7406665616838,3.47639180387238,0.0,True,True
geo_04,2025-06-02,408140.48052947654,2167.5405361593444,940.2368472563959,0.0,724.1037692428642,1743.1530121243723,2.966494697674061,1.0,True,True
geo_04,2025-06-09,397805.70779969444,2490.4320610771165,804.2267373193913,0.0,824.8743103257137,1399.5565487311114,2.996558056823994,1.0,True,True
geo_04,2025-06-16,394062.4008941705,2192.2352703021666,787.4383865540239,0.0,536.9964043483102,1569.3394795023216,2.9979889054562046,1.0,True,True
geo_04,2025-06-23,298514.02841845324,2987.8061970840117,863.2123364914142,0.0,1119.8651152129685,1522.9569753766916,3.526323173953027,0.0,True,True
geo_04,2025-06-30,284816.8183286934,1945.2562470719604,1420.1139163882,0.0,738.2327179493456,1798.5743633284092,3.538550163278552,0.0,True,True
geo_04,2025-07-07,286198.5582346939,1791.9366477191875,1938.7511843355494,0.0,729.4304187277114,1253.5308244892385,3.479791170789315,0.0,True,True
geo_04,2025-07-14,311210.7204661391,2657.0928998865224,1347.5746721745525,17907.6782534339,712.2906970740166,1464.0294661046253,3.527478256122254,0.0,True,True
geo_04,2025-07-21,341103.4659882051,2389.114849578339,1018.3114157596839,15209.744842259764,778.7514958615808,1483.5056308024748,3.451095489416308,0.0,True,True
geo_04,2025-07-28,299396.5939993999,2300.168697657512,624.1821611085239,13402.818471114233,898.8662334565973,1140.2120720684388,3.5124350450377935,0.0,True,True
geo_04,2025-08-04,380653.87460205273,2484.7209577051117,583.7842551736923,15961.518740399406,705.1216254857592,1583.2272011642156,3.4532865281917027,0.0,True,True
geo_04,2025-08-11,380711.8362303128,2480.1854191816074,672.5155600907783,12826.274717460572,770.8268379210547,1388.2215654660736,3.4715077063634143,0.0,True,True
geo_04,2025-08-18,321264.07288053806,2280.0873087924324,902.1771108092347,14009.827378942437,751.146409647285,1530.176317726308,3.511262941902773,0.0,True,True
geo_04,2025-08-25,338944.025750853,2357.716916631473,701.6048235739561,0.0,559.8674108937405,1328.5122279822515,3.4655078206743672,0.0,True,True
geo_04,2025-09-01,283621.98534083355,2321.571589863661,684.5679225101686,0.0,627.0986579506309,1820.1119700058275,3.507313770116963,0.0,True,True
geo_04,2025-09-08,282349.6346185208,2340.042379947846,752.3597692212239,0.0,758.9774884523073,1165.6613017389789,3.4410515083300277,0.0,True,True
geo_04,2025-09-15,271677.14666443533,2895.182128617878,776.583396927473,0.0,1010.9509080172086,1466.748347201235,3.4664077482436193,0.0,True,True
geo_04,2025-09-22,251912.28312947706,2057.107432594912,816.9433557340543,0.0,828.0332707728013,1577.813598903638,3.5086680084506483,0.0,True,True
geo_04,2025-09-29,276545.3686194779,2661.8440455768273,1032.4782616495704,0.0,887.4010368372192,1601.5963953753455,3.5415092097973284,0.0,True,True
geo_04,2025-10-06,388912.34987458785,2421.251343614421,1586.7704339442414,0.0,769.7632150630558,1466.3651877508598,2.9567531539820577,1.0,True,True
geo_04,2025-10-13,352666.38609079074,2528.364411127488,1605.765647112886,0.0,805.6806141335792,1214.695775842931,3.0362275615669208,1.0,True,True
geo_04,2025-10-20,435973.5472465345,2425.6705232737995,1023.6359697777544,0.0,738.3778965038078,1944.0072649259503,2.998019654752869,1.0,True,True
geo_04,2025-10-27,384458.8784615409,2151.9305118522057,939.7321912717205,0.0,799.2817135318429,5577.6259084800495,3.0561202458334558,1.0,True,True
geo_04,2025-11-03,426656.4431024658,1822.8715564004947,911.3279459553091,16422.782729695075,925.2023005489463,4058.3412381612943,2.981522907640059,1.0,True,True
geo_04,2025-11-10,466006.8435978553,1804.3945945231474,917.9708608657721,17310.041557300974,816.9099863922911,4443.9270227989955,2.9756185717788997,1.0,True,True
geo_04,2025-11-17,368517.78192107414,2818.6676940103475,949.8229963366881,13515.05510675453,915.5804658533593,4933.553404598131,3.501369623315311,0.0,True,True
geo_04,2025-11-24,370986.0398877262,2951.273085182592,781.310010362808,15665.235283666578,857.8350360772811,5341.252013899098,3.4537051254411786,0.0,True,True
geo_04,2025-12-01,382382.242893302,2352.1129994003572,766.28400169659,14652.475635298833,694.0573424180201,4663.484897770285,3.494606828055586,0.0,True,True
geo_04,2025-12-08,387956.4473733455,2197.0570223021873,730.7199324200488,14799.192058483508,586.243120338284,3981.7408242195006,3.4881588551902096,0.0,True,True
geo_04,2025-12-15,352899.23755733145,1932.2716268986362,945.8935011219668,0.0,710.0448521683305,3893.349755698489,3.535225890748872,0.0,True,True
geo_04,2025-12-22,375874.0170469617,2763.422642474189,1086.5232075408335,0.0,734.1716160341388,4994.181268053935,3.5018961012300505,0.0,True,True
geo_05,2024-01-01,215980.98431674376,1618.6712638181832,2844.4952375821263,0.0,449.53712776352023,3363.3676924278207,3.5404640993780108,0.0,True,False
geo_05,2024-01-08,292773.61037627736,1604.9707140368148,2405.249687666519,0.0,688.9458883810382,5249.629223893396,3.4935704493734465,0.0,True,False
geo_05,2024-01-15,254340.3583230556,1685.7926920198106,2321.755826273289,0.0,660.2483041641209,1556.9059649680262,3.5014036719439665,0.0,True,False
geo_05,2024-01-22,204849.56626788867,1642.0272167388275,2428.657555408017,0.0,625.106279538495,1483.5066182226556,3.529662537573022,0.0,True,False
geo_05,2024-01-29,191690.41644750172,1924.7550961603756,970.8867905775908,0.0,510.3229826642647,1134.7770237280004,3.518766113358302,0.0,True,False
geo_05,2024-02-05,227618.23033981747,1985.1255252774993,1571.012201117704,0.0,714.6496859571463,1704.9217055533252,3.510205582214525,0.0,True,False
geo_05,2024-02-12,190754.4710403866,1645.7061364817462,1349.5849715728018,9597.712581719064,670.1838934505354,1342.5534350405633,3.4767669466281466,0.0,True,False
geo_05,2024-02-19,259361.42699342803,1581.3829067731026,1646.0185503053956,10327.50250047527,566.1284620471807,1570.1041376580697,3.454441313075689,0.0,True,False
geo_05,2024-02-26,248902.52162815584,1766.0143321943904,1279.231559844682,7317.0417898983105,323.4683345010158,1203.9910258471498,3.5031282944771456,0.0,True,False
geo_05,2024-03-04,398163.33523024764,1394.910578261833,1323.2429600461192,8721.253983645585,549.0091225757816,1252.1088879005488,2.9746924106644896,1.0,True,False
geo_05,2024-03-11,340590.9527104928,1731.263563133871,961.0889965847224,8380.5892264565,615.1409447426007,1288.887440433544,3.0147343224784224,1.0,True,False
geo_05,2024-03-18,385255.5431281033,1418.1907598632424,1020.0193212824911,10971.269675708947,445.80940218757206,1452.4117726454595,2.9963165079967182,1.0,True,False
geo_05,2024-03-25,366792.020830604,1800.0700496673714,1849.8107042725335,0.0,718.549922255277,914.0726221574475,2.967715698885273,1.0,True,False
geo_05,2024-04-01,345584.799682942,1590.3132605202356,2354.761897996321,0.0,429.3363569555409,1440.7523692553905,2.9980049853589508,1.0,True,False
geo_05,2024-04-08,350122.84725673293,1808.6275921438385,2411.8002792887173,0.0,583.3449158256591,1506.699861755692,3.0112044961966538,1.0,True,False
geo_05,2024-04-15,178273.8168599658,1568.3472809830937,2869.4004750048434,0.0,523.7803991215429,1001.5503698296385,3.4961954520582195,0.0,True,False
geo_05,2024-04-22,210004.31779864733,1672.7845440588537,2156.1590194604023,0.0,574.3341703261816,1660.123414318003,3.462688338481647,0.0,True,False
geo_05,2024-04-29,193349.37654215915,2033.6899999903007,1642.847660344939,0.0,633.102229471331,1309.633142289922,3.4991552820885916,0.0,True,False
geo_05,2024-05-06,217425.90870170298,1791.4006954855172,1544.243630320673,0.0,636.4885514466772,1526.5473249139307,3.502459359494774,0.0,True,False
geo_05,2024-05-13,226651.5234456951,1687.6420407058094,1720.863621497762,0.0,811.348459358988,1451.244728455768,3.518767629421578,0.0,True,False
geo_05,2024-05-20,263361.46214481426,1699.5517802684394,1428.3209932696407,0.0,682.1310748102968,1113.9507190911181,3.5151990013508065,0.0,True,False
geo_05,2024-05-27,252296.58378930218,1733.83913250775,1390.8827351877674,0.0,600.877704260102,1942.0221193742536,3.4583018127974285,0.0,True,False
geo_05,2024-06-03,321259.65409183636,1198.7429393029206,1332.376494981,0.0,482.62639260141157,1495.204607852583,2.9751166364495316,1.0,True,False
geo_05,2024-06-10,303395.3358508753,1831.4516160117996,1250.8942029110106,0.0,548.4623296267536,1352.0699026081302,3.0081108225258046,1.0,True,False
geo_05,2024-06-17,337057.0599075969,1847.1516234746955,1626.5263704905908,0.0,584.3630467209877,1385.2859857200742,2.939239409797681,1.0,True,False
geo_05,2024-06-24,209614.40346465586,1992.0938759124733,1418.539942789153,0.0,769.9572911899155,988.239042296607,3.5171252855032846,0.0,True,False
geo_05,2024-07-01,219736.42818127346,2017.6917815105776,3320.2383519712675,0.0,824.6851790343778,1426.6030283769735,3.4607031988971086,0.0,True,False
geo_05,2024-07-08,272256.70109013823,1258.308048991057,3583.8421754259007,0.0,549.9354559346556,1374.5438643421764,3.475280030028433,0.0,True,False
geo_05,2024-07-15,219214.16022861132,1984.6981731013661,3577.5913785393523,8829.192655396582,508.1589210780512,1102.820982087414,3.5403725637052963,0.0,True,False
geo_05,2024-07-22,262310.40946410294,1842.1363066714705,2330.1012891779546,8965.717218397325,584.2094721324813,1337.5846219502703,3.487749547214842,0.0,True,False
geo_05,2024-07-29,274395.8969196605,1638.0146273753162,1432.510115405211,8781.30845540542,457.45815106897686,1293.201720031475,3.4794644178366747,0.0,True,False
geo_05,2024-08-05,254263.78867631208,1914.2979910934541,1232.3828075306603,8635.025476854882,532.2801335868488,1555.789325480576,3.4998213173008845,0.0,True,False
geo_05,2024-08-12,278887.0725987972,2109.2118406266704,1154.2001175793935,8935.824195673129,484.4254066164123,1067.8913226515829,3.486721322972923,0.0,True,False
geo_05,2024-08-19,268676.4200666649,1965.9218457532834,1764.987514124214,10885.295467577027,590.105648669701,1824.9662238968028,3.4681557751672973,0.0,True,False
geo_05,2024-08-26,249957.48588412552,1911.8804131411116,1408.3591707712178,0.0,473.2522756692788,1353.2193904719156,3.4987200283334046,0.0,True,False
geo_05,2024-09-02,262219.52767621505,1946.2394823475079,1674.2679038715737,0.0,733.7621384557559,1381.5479516038495,3.5645753612041595,0.0,True,False
geo_05,2024-09-09,173421.91091250838,1674.3221749774975,1395.6648262653296,0.0,609.4339007236981,1584.3449937425082,3.522095112677213,0.0,True,False
geo_05,2024-09-16,237224.6108271125,2063.741906345661,1671.5937879704027,0.0,590.8096053773238,1630.2547819006188,3.5052829101033116,0.0,True,False
geo_05,2024-09-23,211104.08803227427,2049.311573266663,1628.7918419842104,0.0,697.4931254248843,1094.5759121198469,3.498979218794652,0.0,True,False
geo_05,2024-09-30,267222.0544852771,1610.0781482995253,2000.1203505609737,0.0,266.7618967136681,1740.6311109361736,3.5178428385352882,0.0,True,False
geo_05,2024-10-07,284135.6341282754,1598.7471365110564,1932.1098826762222,0.0,471.62382588983684,1642.4069566900328,3.008660235140317,1.0,True,False
geo_05,2024-10-14,303608.67774550756,1782.6065787122864,2409.1874024677927,0.0,615.4996903039417,696.9776538939293,2.9643836056457955,1.0,True,False
geo_05,2024-10-21,316565.29826333706,1370.9710025430875,1868.9653429434748,0.0,620.809348398013,1465.4149656909788,3.0051610334734784,1.0,True,False
geo_05,2024-10-28,327826.7831706131,2270.356323510938,1597.788014902472,0.0,671.4682949515278,3718.6671586392863,2.9915619138525433,1.0,True,False
geo_05,2024-11-04,376152.93581205525,1768.2524477335016,1450.2726261845714,10649.925823719665,752.2511343492223,4127.960179189986,3.041304114793093,1.0,True,False
geo_05,2024-11-11,342802.697799286,1550.121137994746,1631.2328976641031,10111.945267034074,652.0746322638093,3930.996977435883,2.983688826617786,1.0,True,False
geo_05,2024-11-18,275885.1994821173,1660.1228506609787,1747.176571550055,7624.071215542669,570.449929732854,4675.754847326235,3.533686486741544,0.0,True,False
geo_05,2024-11-25,321414.76770512905,1651.668274922914,1771.9936809352105,9660.457493622162,573.7402346226452,4227.546185547685,3.449666599043135,0.0,True,False
geo_05,2024-12-02,331403.0494588425,1891.0327764501571,1432.1634541104706,9048.79666028461,470.95861095659717,3842.937542816807,3.500920652354926,0.0,True,False
geo_05,2024-12-09,362476.0127043829,1760.9767725229444,1546.2937649566688,9807.375862166527,667.1058782309634,3489.6302890531815,3.465170717065493,0.0,True,False
geo_05,2024-12-16,333696.36933178455,1671.9140160427496,1423.5619868174012,0.0,641.0288433937369,3101.5159057438705,3.4593794796517345,0.0,True,False
geo_05,2024-12-23,334653.26707519265,2259.2601941758257,2417.758347744625,0.0,578.284084694468,4026.7777876305595,3.517407763095124,0.0,True,False
geo_05,2024-12-30,309753.9823124552,1461.3675005285236,2785.3268322577032,0.0,801.1439909189703,3585.0535763950033,3.4556883162585312,0.0,True,False
geo_05,2025-01-06,286711.66314143944,2202.358008880666,2581.584033735679,0.0,595.2126137794686,4462.32144861646,3.485179974320168,0.0,True,False
geo_05,2025-01-13,301699.51847007946,2397.472540941037,3658.4254073971924,0.0,465.8388941726974,1121.6460438105253,3.465500758881721,0.0,True,False
geo_05,2025-01-20,261592.63021674185,2387.0731552405823,1870.9379778429927,0.0,660.6756210572213,1146.4252752064667,3.503817638277204,0.0,True,False
geo_05,2025-01-27,256784.96619430376,1403.5049879698981,1562.9317541137818,0.0,463.9366558515575,1251.3668828850393,3.4996888916131748,0.0,True,False
geo_05,2025-02-03,318095.62857823144,1528.9872950871893,1395.9178698121373,0.0,639.7813240916013,920.8510675269201,3.4144491400402073,0.0,True,False
geo_05,2025-02-10,271079.5646219676,1877.9786534801292,1495.7874242881642,9866.693425868094,468.07769217525777,1689.829563959932,3.51447493957382,0.0,True,False
geo_05,2025-02-17,228212.64270351757,2085.457328973505,1881.5518331245262,9167.525940244288,621.9890886918441,939.4021961027033,3.4687323519447064,0.0,True,False
geo_05,2025-02-24,252153.80442505857,1611.3757393904682,1304.473228479331,10318.00644432255,606.442710491671,1397.904490131067,3.560072368531564,0.0,True,False
geo_05,2025-03-03,364782.5875288172,2174.9421103129584,1523.5653502760704,12049.315933352498,614.818180783955,1565.9686498034503,3.0164388436431624,1.0,True,False
geo_05,2025-03-10,361180.77805382496,1827.4557535291153,1526.3837582371218,10278.259569188009,587.9522833887631,1491.71603728775,3.018603879906354,1.0,True,False
geo_05,2025-03-17,406500.7270726723,2188.5245017102748,1403.0825278089444,8775.993815853903,511.6339123620713,1491.4612577537857,2.9196586560537003,1.0,True,False
geo_05,2025-03-24,321318.3184714578,1902.0108590540322,1911.806514009261,0.0,470.8551123868331,1144.2804450248057,3.042436012569507,1.0,True,False
geo_05,2025-03-31,360933.8052877966,2513.2212608476298,2158.0550390311155,0.0,564.403132634746,1538.3007543928056,2.9920057849664277,1.0,True,False
geo_05,2025-04-07,340119.8177203237,1831.0455624567426,2614.0046082251097,0.0,651.1163528158551,1661.6205447025238,2.951120050865616,1.0,True,False
geo_05,2025-04-14,256978.8007546392,1942.22188750236,3047.697008058697,0.0,747.6097138623111,1124.8027079608917,3.501594951803456,0.0,True,False
geo_05,2025-04-21,216152.56425011592,1802.237975272058,2073.4193494503284,0.0,390.4506409068598,1132.89297659992,3.5353244646610578,0.0,True,False
geo_05,2025-04-28,213987.22597758958,2068.708425363948,1067.125569261481,0.0,681.5406530495026,1107.9351776756782,3.4361732462188592,0.0,True,False
geo_05,2025-05-05,252574.59481830016,2318.819615149529,2045.7469149803424,0.0,529.6467999939285,705.5748895965195,3.5273133775390564,0.0,True,False
geo_05,2025-05-12,244527.65659710675,1909.9077817411219,1516.150175541603,0.0,498.44715874044175,2146.336689804902,3.479732846102402,0.0,True,False
geo_05,2025-05-19,281778.6149596679,1843.484338794222,1392.082076564567,0.0,789.167855701325,1266.8315190317217,3.471466630225761,0.0,True,False
geo_05,2025-05-26,266045.69642922597,2155.3177882098116,1287.6627701694229,0.0,749.230560833205,1669.8324733936295,3.47639180387238,0.0,True,False
geo_05,2025-06-02,317463.8203933019,2121.362523186655,1362.4902533570332,0.0,431.7926803492352,1309.6661168923133,2.966494697674061,1.0,True,False
geo_05,2025-06-09,317506.2216550898,1786.3628808463513,1889.7492009191328,0.0,483.0673370836003,1340.5135654086303,2.996558056823994,1.0,True,False
geo_05,2025-06-16,338690.59899112076,1598.0455796479482,1467.1131027638921,0.0,606.5698308580614,1230.4908070950669,2.9979889054562046,1.0,True,False
geo_05,2025-06-23,255686.20617970944,2027.7847748860218,1824.4700388120525,0.0,458.99191295286107,1398.784793421882,3.526323173953027,0.0,True,False
geo_05,2025-06-30,245045.69043354614,1670.2220934302554,2505.1785504451614,0.0,574.2899395921172,843.9865943253604,3.538550163278552,0.0,True,False
geo_05,2025-07-07,258865.07547508145,1799.9876042872345,1894.4904753311744,0.0,566.9159013454318,1088.6002805229764,3.479791170789315,0.0,True,False
geo_05,2025-07-14,312120.6820675496,1863.9580789280294,3098.571069007471,9804.79836492582,737.089924797183,1401.4086066462578,3.527478256122254,0.0,True,False
geo_05,2025-07-21,238725.00591755653,2234.845142661103,2290.9129157962434,10152.441983858616,470.1848702289087,1121.3105924699782,3.451095489416308,0.0,True,False
geo_05,2025-07-28,300448.9030932134,1910.3433999974386,1676.792772067261,9059.902129703689,659.0249412303413,645.0925838956832,3.5124350450377935,0.0,True,False
geo_05,2025-08-04,313508.3553509183,1995.5011838783932,1544.4819759736263,8245.999051336581,435.5726055412291,790.2164826144761,3.4532865281917027,0.0,True,False
geo_05,2025-08-11,283232.5264374809,1801.6553863803115,1013.69521277666,9126.41329057489,536.6528998440089,1195.0021026812124,3.4715077063634143,0.0,True,False
geo_05,2025-08-18,346339.1419993799,1866.0251398008847,1650.172453003247,10526.024685274639,656.9645427048222,1103.612894214605,3.511262941902773,0.0,True,False
geo_05,2025-08-25,236667.86430328246,2517.9763141298336,1432.9997150126037,0.0,567.9513557514791,1243.6716826961149,3.4655078206743672,0.0,True,False
geo_05,2025-09-01,243434.84917675023,2019.1001154614448,1794.9853220997222,0.0,568.4395534807097,1451.23061487644,3.507313770116963,0.0,True,False
geo_05,2025-09-08,256791.11028589794,1664.1233628958491,1283.9792013478193,0.0,604.4998600112295,1345.4163371030465,3.4410515083300277,0.0,True,False
geo_05,2025-09-15,282785.5025122444,2038.9127850766458,1218.8792484408877,0.0,622.6474923373199,1132.4323725801223,3.4664077482436193,0.0,True,False
geo_05,2025-09-22,240159.97530415293,1787.1908952553417,2094.047484682629,0.0,487.30015918551896,1495.1249101727926,3.5086680084506483,0.0,True,False
geo_05,2025-09-29,243591.81439114638,1982.5429826878315,2773.0792665732265,0.0,462.94700873418157,1220.5247050832688,3.5415092097973284,0.0,True,False
geo_05,2025-10-06,360178.91509996384,1945.9741699022131,2756.4394360615024,0.0,344.12760120345683,1552.6863748215433,2.9567531539820577,1.0,True,False
geo_05,2025-10-13,307555.6435551135,2037.4174155408589,2290.0637159645953,0.0,572.0330159694888,1127.339110809671,3.0362275615669208,1.0,True,False
geo_05,2025-10-20,356266.5698139695,2654.2342068066914,2488.1592480008553,0.0,683.5549350432636,1375.7716841672118,2.998019654752869,1.0,True,False
geo_05,2025-10-27,369875.5170202597,2438.4142974773386,1351.306197764884,0.0,603.8346772446743,4619.900538479103,3.0561202458334558,1.0,True,False
geo_05,2025-11-03,373249.0152371213,2062.5427788880174,1831.0047324004172,11269.219063148807,336.15552441076125,5095.064669967085,2.981522907640059,1.0,True,False
geo_05,2025-11-10,412420.5446157254,2279.4019452683387,2005.2396215345323,8558.257820204113,499.46007009086,4335.104945497171,2.9756185717788997,1.0,True,False
geo_05,2025-11-17,322574.0299884263,1865.3026777167468,1709.429559810037,10431.426722922375,734.0716572603334,3727.9529951086447,3.501369623315311,0.0,True,False
geo_05,2025-11-24,330053.7318391363,1549.6695945039335,1733.181895922722,9168.742971128733,566.9795432669206,2943.8393727453476,3.4537051254411786,0.0,True,False
geo_05,2025-12-01,347236.69972052425,2329.6753560059965,1129.781798432094,11362.028145548478,546.738956335363,3025.8869385414737,3.494606828055586,0.0,True,False
geo_05,2025-12-08,364301.41201514326,2239.7724018411936,1480.630570308871,9746.950772343203,573.4331711108829,3486.008952283894,3.4881588551902096,0.0,True,False
geo_05,2025-12-15,367850.9572156941,2780.4401676490616,1900.7096346393812,0.0,396.7612857482635,4331.027362784789,3.535225890748872,0.0,True,False
geo_05,2025-12-22,357059.31168624165,2474.7619490162315,1838.7208358365053,0.0,692.8563156761822,3732.037388482582,3.5018961012300505,0.0,True,False
geo_06,2024-01-01,239527.33084385865,2285.5416666117794,3607.239490162216,0.0,545.2200921824615,2790.219992631353,3.5404640993780108,0.0,True,False
geo_06,2024-01-08,282984.28579557687,2496.242501415662,3733.5916831047434,0.0,768.4041383687388,3575.4918020524915,3.4935704493734465,0.0,True,False
geo_06,2024-01-15,242401.3732901869,2350.7924232756063,4571.786450482727,0.0,665.7268077192213,1579.7610888796032,3.5014036719439665,0.0,True,False
geo_06,2024-01-22,219100.4125047431,2520.655468361736,2555.2307767294415,0.0,723.69013726635,1165.426424768048,3.529662537573022,0.0,True,False
geo_06,2024-01-29,212353.35626410815,2986.5012355683184,2713.39154017914,0.0,640.6174076037405,1579.8576694382791,3.518766113358302,0.0,True,False
geo_06,2024-02-05,155717.20189412392,2352.214676629812,2545.1083504868484,0.0,925.1418799618178,1011.924148157491,3.510205582214525,0.0,True,False
geo_06,2024-02-12,260722.2881286649,2400.3768168618194,2282.6027359608815,9817.739475520148,681.3636706436647,1512.1464792921797,3.4767669466281466,0.0,True,False
geo_06,2024-02-19,247503.01613884422,3382.0600307428626,1798.4556278686225,10494.666403026325,698.1010980595239,1409.6582052101865,3.454441313075689,0.0,True,False
geo_06,2024-02-26,257981.2051275546,1830.951555292915,2056.5907999948204,9248.890840453541,716.4359622539117,1920.821474143205,3.5031282944771456,0.0,True,False
geo_06,2024-03-04,355094.2342655055,2377.0444317378883,2061.0853270608404,9426.568129198975,858.1407551874333,1128.8486460668146,2.9746924106644896,1.0,True,False
geo_06,2024-03-11,393658.8183710306,2962.6762060743904,2551.457958450382,11463.52933766816,626.2084080879048,1871.7001031253635,3.0147343224784224,1.0,True,False
geo_06,2024-03-18,343620.0661783336,2438.368517265114,1824.8162615209037,11409.919284660782,688.7450464742814,1559.192603854287,2.9963165079967182,1.0,True,False
geo_06,2024-03-25,332130.828958338,2455.3125529992176,1998.5615639689543,0.0,727.3725751926063,1251.5988275202874,2.967715698885273,1.0,True,False
geo_06,2024-04-01,301448.4684231363,1959.67792342592,4404.585645524957,0.0,525.6588381731208,1620.863434284039,2.9980049853589508,1.0,True,False
geo_06,2024-04-08,303388.0777229344,1900.465437722498,4250.2873109380425,0.0,854.4369188942569,1080.7366343481053,3.0112044961966538,1.0,True,False
geo_06,2024-04-15,261082.7448389541,3132.493181628424,2469.5473017478957,0.0,642.9508432297365,1272.8390826089408,3.4961954520582195,0.0,True,False
geo_06,2024-04-22,222434.16433720256,3345.362251348528,3424.3229574780703,0.0,684.2811225318203,1792.7465054031081,3.462688338481647,0.0,True,False
geo_06,2024-04-29,221899.71219895102,2806.462508130445,2049.7334755564557,0.0,586.5779727339041,1191.5712513354024,3.4991552820885916,0.0,True,False
geo_06,2024-05-06,204799.86614155475,2405.089181556205,2570.528134125252,0.0,731.0991649416598,1605.3545686827497,3.502459359494774,0.0,True,False
geo_06,2024-05-13,215005.58295138364,2079.169086468207,1944.3476276887066,0.0,569.2190229585474,1782.5517519022105,3.518767629421578,0.0,True,False
geo_06,2024-05-20,191408.9615577726,2635.299610778103,2171.380433222768,0.0,458.4594608487092,1505.003238341377,3.5151990013508065,0.0,True,False
geo_06,2024-05-27,270422.6819469112,2824.354197266804,2266.143764028569,0.0,583.3098522353584,1496.5061781565769,3.4583018127974285,0.0,True,False
geo_06,2024-06-03,277824.0352554129,1950.3412855636345,2152.183936694211,0.0,441.1057963459898,1208.275030824369,2.9751166364495316,1.0,True,False
geo_06,2024-06-10,282062.78513635026,2922.922904142607,1738.2176809870105,0.0,517.7086679787382,905.4950127482218,3.0081108225258046,1.0,True,False
geo_06,2024-06-17,287600.575803505,2552.6230139777167,2534.314510641987,0.0,582.8768361353682,1491.4752915397464,2.939239409797681,1.0,True,False
geo_06,2024-06-24,203834.51694518788,3330.103862411461,2584.364465588632,0.0,564.1587062363767,1498.8262741605363,3.5171252855032846,0.0,True,False
geo_06,2024-07-01,232613.91778756853,2974.57408084289,3974.8457743524777,0.0,628.318414916252,1098.10705827724,3.4607031988971086,0.0,True,False
geo_06,2024-07-08,231465.06757502697,3063.7605487915193,4194.357241240739,0.0,593.4741711146289,1064.034820857531,3.475280030028433,0.0,True,False
geo_06,2024-07-15,255628.0616534773,2683.322731636049,4207.057120950829,9454.575649619112,613.9788405656342,952.7672168648012,3.5403725637052963,0.0,True,False
geo_06,2024-07-22,219647.70561873796,2540.231988880712,3756.7257217318347,10814.542577718299,539.975732203138,1738.257615011728,3.487749547214842,0.0,True,False
geo_06,2024-07-29,272841.95815445425,2427.6508873259204,1543.1762717198073,10276.238299733122,845.4444198281468,935.5427016806516,3.4794644178366747,0.0,True,False
geo_06,2024-08-05,255741.2648262528,3356.4118608724993,2215.5393832368827,9349.590484922035,723.9023923043061,1136.7058392300928,3.4998213173008845,0.0,True,False
geo_06,2024-08-12,256193.2833749015,3049.2212309089136,1995.140274605315,11856.416369984461,470.6493372329045,1157.7922296466056,3.486721322972923,0.0,True,False
geo_06,2024-08-19,270278.4595075469,2823.5938125007783,2115.554834746132,10931.605478434501,601.4109363972563,863.6785144325763,3.4681557751672973,0.0,True,False
geo_06,2024-08-26,266787.114967275,2759.9212446707515,1892.0288685106125,0.0,855.783098822122,1731.228381470441,3.4987200283334046,0.0,True,False
geo_06,2024-09-02,279723.9730358249,2757.755934830818,2287.2096465220975,0.0,767.1359078336823,1266.701697931441,3.5645753612041595,0.0,True,False
geo_06,2024-09-09,181418.41092064348,3266.061256319389,2428.154901325691,0.0,733.7647143318962,786.0084171121089,3.522095112677213,0.0,True,False
geo_06,2024-09-16,234404.15662494372,3406.1040232196287,1958.6887276342547,0.0,802.8617967682028,1418.278648289647,3.5052829101033116,0.0,True,False
geo_06,2024-09-23,190673.65505618314,3500.3387268027473,2218.522568014497,0.0,680.5980517985018,1405.7242248241885,3.498979218794652,0.0,True,False
geo_06,2024-09-30,218698.13709737774,2111.721486437676,3666.949231623275,0.0,734.8237553162601,1759.4577888628112,3.5178428385352882,0.0,True,False
geo_06,2024-10-07,320949.3953543786,2961.6548497954745,4401.1150001293245,0.0,755.6064215243304,795.9461906089151,3.008660235140317,1.0,True,False
geo_06,2024-10-14,345033.6992727857,2114.4349144006505,3034.184390639036,0.0,663.2111695761195,1493.1540809653618,2.9643836056457955,1.0,True,False
geo_06,2024-10-21,321735.625434754,2810.9891374134436,3437.938893893522,0.0,709.6066362580179,1374.1169039300269,3.0051610334734784,1.0,True,False
geo_06,2024-10-28,296692.4230621205,3124.733228764604,1788.9078719668735,0.0,558.9549437801836,4685.362317806919,2.9915619138525433,1.0,True,False
geo_06,2024-11-04,322252.78901436034,2775.039925491472,2479.2147077224517,9330.239415966305,979.1665923028017,3272.480058870518,3.041304114793093,1.0,True,False
geo_06,2024-11-11,384745.15252552566,2840.138753559945,1698.7358820333518,8562.870674368043,627.6708904895626,4098.622049009874,2.983688826617786,1.0,True,False
geo_06,2024-11-18,275897.6897138383,3104.926959348516,1506.481187823667,9165.977168166093,646.8255013098732,3627.86763371933,3.533686486741544,0.0,True,False
geo_06,2024-11-25,297836.673147867,3491.2574765355885,2281.0201203807487,11533.315580875866,851.9678921735587,3814.41762162377,3.449666599043135,0.0,True,False
geo_06,2024-12-02,301210.9210036019,2765.917921629496,2180.3961717334073,9320.452822595722,378.39258263390286,3615.1443682663216,3.500920652354926,0.0,True,False
geo_06,2024-12-09,311006.7100596875,3266.342854488285,2294.0776136720388,9629.099465881229,881.2709989389494,2906.7325473897918,3.465170717065493,0.0,True,False
geo_06,2024-12-16,341182.1532271555,2456.9726083742207,2814.5262909865974,0.0,592.5116041936951,3154.784001558518,3.4593794796517345,0.0,True,False
geo_06,2024-12-23,293050.9676766942,2655.4905167641127,2191.6196152930884,0.0,544.7966641586509,2772.5426682503294,3.517407763095124,0.0,True,False
geo_06,2024-12-30,265404.81121799443,3370.6334219884843,3922.5084514570553,0.0,729.809538569257,3356.710446167128,3.4556883162585312,0.0,True,False
geo_06,2025-01-06,272795.01828238415,3277.445604098834,4819.577517676705,0.0,609.8384335690474,3087.201964569654,3.485179974320168,0.0,True,False
geo_06,2025-01-13,297194.88537062204,2773.757056876287,3141.2554560831554,0.0,632.5187161202607,1285.7727384941923,3.465500758881721,0.0,True,False
geo_06,2025-01-20,215598.0740729772,3316.3590448723703,3071.49072055783,0.0,529.1868317699301,1469.7623748615242,3.503817638277204,0.0,True,False
geo_06,2025-01-27,234920.80998070992,2659.86085282282,1783.1948101347864,0.0,641.568925414722,1482.5860542605053,3.4996888916131748,0.0,True,False
geo_06,2025-02-03,203142.04938827554,2678.5107369226216,2337.518180490076,0.0,767.9646236184867,1363.1004069523385,3.4144491400402073,0.0,True,False
geo_06,2025-02-10,241223.20666691996,3509.53116246506,2690.5541225361408,12541.203252694117,813.9182276712412,1044.0321314838693,3.51447493957382,0.0,True,False
geo_06,2025-02-17,293744.16155846394,2646.664122730585,2087.672970290163,9782.656879228702,802.4981277129546,1897.3397251591075,3.4687323519447064,0.0,True,False
geo_06,2025-02-24,279678.4405504405,2724.3749082972404,1799.8713790331744,10870.48268769346,556.7189471656092,1410.5404375078383,3.560072368531564,0.0,True,False
geo_06,2025-03-03,344014.5783563192,2884.7282929822127,2124.5574950884097,12327.339032374544,526.499211004164,1713.6386804524234,3.0164388436431624,1.0,True,False
geo_06,2025-03-10,354526.53291171393,3227.977474503391,2113.991473112236,10725.110539288473,665.9734657157451,1072.8702393493465,3.018603879906354,1.0,True,False
geo_06,2025-03-17,393803.6183454469,3131.1523647954714,2176.6171864764324,10073.590626012412,702.9422240690592,894.2315147341582,2.9196586560537003,1.0,True,False
geo_06,2025-03-24,347299.43583832635,3353.913854363008,2911.8931577308913,0.0,612.3388249715603,1194.2151930649504,3.042436012569507,1.0,True,False
geo_06,2025-03-31,351488.42337573884,3288.2031942463755,3461.6765228117165,0.0,518.8299365360551,1231.037032439856,2.9920057849664277,1.0,True,False
geo_06,2025-04-07,360396.4626792507,3579.0367457571547,2660.153219069166,0.0,571.2909610900757,1145.8074736708154,2.951120050865616,1.0,True,False
geo_06,2025-04-14,234969.97308334976,2757.872803804119,3521.551851615382,0.0,355.29709317721415,1159.6543653554434,3.501594951803456,0.0,True,False
geo_06,2025-04-21,242968.07423738277,2979.4117942362254,3429.8219814360964,0.0,327.2090456203805,1490.3111076611256,3.5353244646610578,0.0,True,False
geo_06,2025-04-28,225569.3093057575,2885.947405232504,2653.619569690675,0.0,519.867816558843,1087.5183145861097,3.4361732462188592,0.0,True,False
geo_06,2025-05-05,243660.26817271905,3337.600156046479,2556.403986831713,0.0,516.4226397987168,1650.6527818306274,3.5273133775390564,0.0,True,False
geo_06,2025-05-12,239568.79273784944,2646.5579525319963,1930.2481314551865,0.0,497.0250239806031,1398.9524950908053,3.479732846102402,0.0,True,False
geo_06,2025-05-19,224816.35369640947,3198.674554779537,1864.9897975843085,0.0,664.9687286576928,1297.1205219118935,3.471466630225761,0.0,True,False
geo_06,2025-05-26,259298.76216039894,3222.7864188802428,2697.9705760719075,0.0,841.6098985526426,1715.0512619842546,3.47639180387238,0.0,True,False
geo_06,2025-06-02,322653.03807832685,2977.58897054909,2437.460841940235,0.0,643.0682677747623,1118.2070068142127,2.966494697674061,1.0,True,False
geo_06,2025-06-09,340696.4103473126,1600.2970582971773,2719.4589014064204,0.0,650.360283106681,1103.7131248330822,2.996558056823994,1.0,True,False
geo_06,2025-06-16,328285.34687793674,2750.6457170025265,2015.4836889082549,0.0,657.2532718082072,1558.2091690462885,2.9979889054562046,1.0,True,False
geo_06,2025-06-23,212851.34594039433,3948.0003649998093,2842.76043775618,0.0,772.0761574395616,1361.9092979771153,3.526323173953027,0.0,True,False
geo_06,2025-06-30,208438.08132237173,3323.9608879932475,4092.296614800097,0.0,561.1836418958225,1832.274657349647,3.538550163278552,0.0,True,False
geo_06,2025-07-07,279398.2157330359,2566.7961655193344,4599.224372816481,0.0,722.7173278930153,1632.1636940212309,3.479791170789315,0.0,True,False
geo_06,2025-07-14,224681.28617047082,2751.987650730213,5318.547379343818,11498.47085909589,630.0198008103683,1471.1914043849658,3.527478256122254,0.0,True,False
geo_06,2025-07-21,226297.86646743788,2660.9513512549256,2263.4769101456122,9695.844216797785,712.5055188079582,1316.5266545896627,3.451095489416308,0.0,True,False
geo_06,2025-07-28,282923.57746385573,2324.5358853999705,2209.853401959066,8945.48122621243,561.0542837366075,1339.036013117458,3.5124350450377935,0.0,True,False
geo_06,2025-08-04,301338.66050058807,3666.044373527605,2471.00923111285,11229.872349375744,667.3025112445669,1717.6227616458477,3.4532865281917027,0.0,True,False
geo_06,2025-08-11,325785.8315283069,3188.820954513685,1568.8773775846512,10514.05772174148,799.9645149270817,1131.7457457324497,3.4715077063634143,0.0,True,False
geo_06,2025-08-18,263170.6007737327,3253.8378192969994,2202.05651772702,10734.026003736852,624.4521147962503,1511.8229265015232,3.511262941902773,0.0,True,False
geo_06,2025-08-25,272732.7447140351,3189.7514661790415,1568.6985984860073,0.0,643.3343523183692,1343.0433534169533,3.4655078206743672,0.0,True,False
geo_06,2025-09-01,290207.18886747607,3044.94265331202,2476.3636740347038,0.0,731.1709620812451,2012.8508532071353,3.507313770116963,0.0,True,False
geo_06,2025-09-08,272586.3170651782,2905.895696565613,2236.187292227508,0.0,405.29454198458393,1531.926657988712,3.4410515083300277,0.0,True,False
geo_06,2025-09-15,267872.6523654496,3378.0443705897305,2424.4821821038804,0.0,980.0627128663532,1065.7251031649503,3.4664077482436193,0.0,True,False
geo_06,2025-09-22,232812.2000305683,2722.2278017074545,3346.5597128334343,0.0,883.5964021904902,1444.8120605069623,3.5086680084506483,0.0,True,False
geo_06,2025-09-29,247039.3111476233,3508.9658519063278,4448.319904993916,0.0,745.8038753607807,1139.2995366939558,3.5415092097973284,0.0,True,False
geo_06,2025-10-06,372143.190951997,2243.953384898901,3228.4239893513645,0.0,618.1211199268563,1232.5304881656991,2.9567531539820577,1.0,True,False
geo_06,2025-10-13,343153.3276842236,2879.849027948645,3520.6774932134845,0.0,475.63673702110606,1380.2104313160269,3.0362275615669208,1.0,True,False
geo_06,2025-10-20,334502.4572510536,3722.188618402525,2739.8384611830056,0.0,607.1870640500662,1102.4028406151238,2.998019654752869,1.0,True,False
geo_06,2025-10-27,299810.02927839063,2940.0732383591157,2251.362944277016,0.0,602.3459791610198,1764.2579485095957,3.0561202458334558,1.0,True,False
geo_06,2025-11-03,332590.55442378786,3503.9119348651466,2055.2288329822595,8908.411045745508,820.7754205018622,4790.168881125204,2.981522907640059,1.0,True,False
geo_06,2025-11-10,405772.9486345694,3183.359820471217,2127.601128458687,9503.828210473655,729.4470252192322,3472.167135036226,2.9756185717788997,1.0,True,False
geo_06,2025-11-17,312695.10189572076,3391.032836125288,1519.8651631674336,10601.250325047473,780.4277799986871,2731.187449547542,3.501369623315311,0.0,True,False
geo_06,2025-11-24,309768.069238798,3347.6930856980266,1989.8484463784812,11064.10328144746,804.2608825991946,3139.2761001113904,3.4537051254411786,0.0,True,False
geo_06,2025-12-01,322556.5254304979,3461.439472798799,2944.259954412593,11998.947059885762,544.3612351988497,4097.2609331905,3.494606828055586,0.0,True,False
geo_06,2025-12-08,330045.0963018775,3683.089069635183,1432.2695172568144,10299.741183461003,729.1110915000326,4423.140733998943,3.4881588551902096,0.0,True,False
geo_06,2025-12-15,384402.5700150033,3579.94672212259,2436.3266932674273,0.0,747.1715192429652,4858.001287749764,3.535225890748872,0.0,True,False
geo_06,2025-12-22,302304.28253336943,3441.209682840556,2853.404345520398,0.0,607.7330049821687,4093.6372694743723,3.5018961012300505,0.0,True,False
geo_07,2024-01-01,156308.91929632286,2332.7045265494075,1397.83387618741,0.0,444.8257079150146,965.9274728307046,3.5404640993780108,0.0,True,False
geo_07,2024-01-08,198708.77012740582,1394.083130191026,1921.9041590141508,0.0,582.0494152985375,1653.7534430926214,3.4935704493734465,0.0,True,False
geo_07,2024-01-15,219202.23065960826,2258.442199672437,1310.7865474380787,0.0,576.956959580811,719.8063974998663,3.5014036719439665,0.0,True,False
geo_07,2024-01-22,199998.56028821558,2543.09127330823,1957.807124238221,0.0,678.2258836970003,699.9290811389405,3.529662537573022,0.0,True,False
geo_07,2024-01-29,225225.05585970765,2202.55946735623,880.4234818950652,0.0,431.4546525553473,461.12687139724517,3.518766113358302,0.0,True,False
geo_07,2024-02-05,233788.99261298473,2455.4622122531387,1119.4441213744153,0.0,604.5023470955679,688.88792982658,3.510205582214525,0.0,True,False
geo_07,2024-02-12,236362.9291516722,1886.1747586789932,993.9526435587707,9788.514038528696,528.0263477411343,679.2057373323103,3.4767669466281466,0.0,True,False
geo_07,2024-02-19,231731.62148458924,1479.3217969168816,1219.627211175519,9708.948874230862,425.3265519632789,491.9337395488862,3.454441313075689,0.0,True,False
geo_07,2024-02-26,212010.21139993658,1918.4738007184865,1119.4171650036362,7812.795625877293,640.8271032970262,753.7247935614199,3.5031282944771456,0.0,True,False
geo_07,2024-03-04,321211.8298804889,2473.772725172375,1213.8384862513112,9608.744342586804,471.6307647868114,634.8024603183593,2.9746924106644896,1.0,True,False
geo_07,2024-03-11,346221.3525289739,2471.376790456294,1074.079511482276,8501.481745435134,700.7819497775195,933.6298761022932,3.0147343224784224,1.0,True,False
geo_07,2024-03-18,300940.78267155605,1948.274258153524,954.9222187630342,9576.39344234265,594.2745419881377,649.1413274633633,2.9963165079967182,1.0,True,False
geo_07,2024-03-25,254921.5139991989,1571.4451004206628,1201.7037319940916,0.0,472.78415064797116,584.9701886306233,2.967715698885273,1.0,True,False
geo_07,2024-04-01,291185.13223317295,2430.2002224196194,2029.9160039242288,0.0,635.2574204465759,683.2741291972354,2.9980049853589508,1.0,True,False
geo_07,2024-04-08,252193.08459576633,1845.2146977868329,2564.163332720301,0.0,592.6563641898672,804.3553794201323,3.0112044961966538,1.0,True,False
geo_07,2024-04-15,171705.92910666845,2137.9453052664308,2262.132346372546,0.0,450.03625265508794,811.1974798636154,3.4961954520582195,0.0,True,False
geo_07,2024-04-22,213263.5266804912,1957.675144647249,1210.9484051296374,0.0,374.30813203111904,572.1515941534321,3.462688338481647,0.0,True,False
geo_07,2024-04-29,197637.51901214666,2117.304653662579,1122.1753173935942,0.0,447.3834775341862,972.4968198058833,3.4991552820885916,0.0,True,False
geo_07,2024-05-06,218179.3391563298,2301.315631006108,1067.0779248636102,0.0,509.13240620738907,687.8252835307047,3.502459359494774,0.0,True,False
geo_07,2024-05-13,164982.1343704831,1922.4128649253455,1269.0994750695934,0.0,393.1833451472888,643.7469500505239,3.518767629421578,0.0,True,False
geo_07,2024-05-20,205660.56435982947,2061.3961737852824,846.5210752758882,0.0,532.645281282126,825.7007443912745,3.5151990013508065,0.0,True,False
geo_07,2024-05-27,166724.93373090684,1979.809735351821,1219.975498066556,0.0,410.89788998252226,676.3033211912564,3.4583018127974285,0.0,True,False
geo_07,2024-06-03,284312.80181282345,2541.0836192097872,1225.4545830306188,0.0,878.484736815953,594.3582218008214,2.9751166364495316,1.0,True,False
geo_07,2024-06-10,255377.9081434954,1404.2141698348207,1107.0177215616666,0.0,589.414788393864,605.6384356851187,3.0081108225258046,1.0,True,False
geo_07,2024-06-17,299144.8224440115,2128.1102433712485,1012.3747028683019,0.0,335.1122602736435,590.3831688325182,2.939239409797681,1.0,True,False
geo_07,2024-06-24,193936.18838452082,2112.3492754929352,1135.9577080888605,0.0,419.7393574680735,735.9585658207741,3.5171252855032846,0.0,True,False
geo_07,2024-07-01,221757.70215357546,2066.579385511506,1575.644898331735,0.0,434.9743942198802,619.2449648322889,3.4607031988971086,0.0,True,False
geo_07,2024-07-08,231759.1228108417,2331.6394994995435,2067.256684137291,0.0,420.95439887259585,559.016150777472,3.475280030028433,0.0,True,False
geo_07,2024-07-15,184301.1807720483,1934.402974190207,2111.427039605692,8622.60507558528,307.97934077133107,766.3303553710396,3.5403725637052963,0.0,True,False
geo_07,2024-07-22,294458.77272163786,1993.7346987475316,1707.2801240739684,8339.80343187446,520.222037609013,354.3557972538787,3.487749547214842,0.0,True,False
geo_07,2024-07-29,249839.49337380342,1923.0168460705106,1317.3337314442276,9940.30414169486,373.88546482636895,531.823865952095,3.4794644178366747,0.0,True,False
geo_07,2024-08-05,199100.9225702487,1871.7920499748643,1546.4656434060464,9380.624637700865,362.3440104859726,549.9220107947187,3.4998213173008845,0.0,True,False
geo_07,2024-08-12,288772.15045629157,2051.8914933433107,1410.4603199048775,9277.523809719669,598.526078107206,565.3404603547913,3.486721322972923,0.0,True,False
geo_07,2024-08-19,230569.51203036748,2124.614559440877,971.4090740641388,9775.845577600083,445.94666359601945,580.9275786993128,3.4681557751672973,0.0,True,False
geo_07,2024-08-26,291733.48728671524,2471.434406441182,1147.0875105918842,0.0,627.8729440429615,675.0230940946691,3.4987200283334046,0.0,True,False
geo_07,2024-09-02,188220.9413572504,1898.5245325687201,894.1274172801484,0.0,488.42065611221517,598.1292339845838,3.5645753612041595,0.0,True,False
geo_07,2024-09-09,193768.3313595188,2122.9550272676647,1204.7944264104012,0.0,484.171861914089,770.2118697918258,3.522095112677213,0.0,True,False
geo_07,2024-09-16,251001.7025118476,2210.604182318338,1228.37798923108,0.0,612.2351208529998,778.294834029425,3.5052829101033116,0.0,True,False
geo_07,2024-09-23,175064.03742668056,1890.2280874315736,1188.1707190279292,0.0,485.1946537447198,724.3735136847562,3.498979218794652,0.0,True,False
geo_07,2024-09-30,186937.46861336386,2193.4931306498543,2018.1670978792474,0.0,474.3078987573217,555.6747761180668,3.5178428385352882,0.0,True,False
geo_07,2024-10-07,265697.26024987514,2205.5062057267123,1606.3662533373729,0.0,369.40234666827473,847.1098296015149,3.008660235140317,1.0,True,False
geo_07,2024-10-14,299051.7366386689,2308.977669708283,1658.490843742396,0.0,520.363393884357,822.4826013713938,2.9643836056457955,1.0,True,False
geo_07,2024-10-21,303833.9776064452,2257.094950459456,1412.525267972735,0.0,513.8408592582268,491.80808551505714,3.0051610334734784,1.0,True,False
geo_07,2024-10-28,327056.2086071516,2443.768280487527,978.8615162950636,0.0,532.1579801072044,2203.7721383109597,2.9915619138525433,1.0,True,False
geo_07,2024-11-04,278647.06736054644,2175.8165466019996,1413.677148593423,10088.723952998565,403.74367219225195,1959.5515452834495,3.041304114793093,1.0,True,False
geo_07,2024-11-11,298290.5614148358,2353.4570826867284,1167.615059960925,8793.979824961174,397.73363107272945,2368.187737547339,2.983688826617786,1.0,True,False
geo_07,2024-11-18,240635.49922209754,2570.425994983692,1097.7348646262021,9443.38218185088,528.4857865583248,1337.9692385324165,3.533686486741544,0.0,True,False
geo_07,2024-11-25,282004.5437145695,2170.61915456797,1072.2776697818326,8771.93551113464,540.1259295293859,1842.9903217118022,3.449666599043135,0.0,True,False
geo_07,2024-12-02,281652.3953140963,2509.2109222937656,1069.1610230716153,9446.173544725789,555.5097285832987,1384.5696420199101,3.500920652354926,0.0,True,False
geo_07,2024-12-09,310244.6006799204,1874.2583397002766,1410.1327494068619,7601.385423112496,541.0325622053236,2233.4572210835,3.465170717065493,0.0,True,False
geo_07,2024-12-16,234625.5907697567,2236.8420767114953,1193.0669687290576,0.0,517.5965242894176,1705.992474577916,3.4593794796517345,0.0,True,False
geo_07,2024-12-23,265077.0674070762,2121.6061023975044,1464.647814150117,0.0,610.0516685699936,1542.5125144952153,3.517407763095124,0.0,True,False
geo_07,2024-12-30,225346.6020754133,2402.8494130516447,2441.4636421077043,0.0,403.41849758845524,1151.352540341492,3.4556883162585312,0.0,True,False
geo_07,2025-01-06,231027.22270420118,1886.2045917445068,1802.9985557562197,0.0,412.5592998140729,1171.3492445913955,3.485179974320168,0.0,True,False
geo_07,2025-01-13,253476.36631966732,2236.7345487019343,1918.4085346825598,0.0,437.1046909777649,618.0149816657448,3.465500758881721,0.0,True,False
geo_07,2025-01-20,214784.19868754584,2842.500697901295,1602.5580237321242,0.0,611.3593982128857,818.3911143480736,3.503817638277204,0.0,True,False
geo_07,2025-01-27,186184.89005138993,2953.686777172542,1130.4636063980474,0.0,554.4582541154281,567.0902819955048,3.4996888916131748,0.0,True,False
geo_07,2025-02-03,253877.57662174894,2756.56154361133,1257.6586758922224,0.0,475.58716737419564,518.5459936444863,3.4144491400402073,0.0,True,False
geo_07,2025-02-10,253467.0339404287,2256.356424358944,1193.1620586851966,9400.760524862882,560.9228534438809,646.3826796874781,3.51447493957382,0.0,True,False
geo_07,2025-02-17,212814.86780639645,2172.128701353945,1243.2702128704614,9014.49665369373,297.1666661490134,730.9531487292714,3.4687323519447064,0.0,True,False
geo_07,2025-02-24,259337.15139992835,3027.468895140633,1121.7283903840726,8576.756945611982,488.31992439739184,602.2002017946099,3.560072368531564,0.0,True,False
geo_07,2025-03-03,325534.7441294878,2214.3142055541384,1216.6666612919755,9486.402090678032,457.4803931514029,676.3483319155803,3.0164388436431624,1.0,True,False
geo_07,2025-03-10,338016.3658399669,2229.2559525035817,1602.3916940678898,9238.719090011355,557.4326999066402,730.4104749873841,3.018603879906354,1.0,True,False
geo_07,2025-03-17,386011.6306853224,2285.1389824405123,824.5856714484346,10599.695188277019,541.7102041898836,548.4576767007355,2.9196586560537003,1.0,True,False
geo_07,2025-03-24,293577.76646671735,2612.8486128225522,879.821204736299,0.0,686.712762006704,469.70747536243744,3.042436012569507,1.0,True,False
geo_07,2025-03-31,312822.24795715883,2783.94521646517,1479.7875379949135,0.0,541.505283973692,735.5924080986914,2.9920057849664277,1.0,True,False
geo_07,2025-04-07,336991.5958917754,2236.160944709462,1697.6452387032023,0.0,508.90311401302864,680.8718632662818,2.951120050865616,1.0,True,False
geo_07,2025-04-14,241561.03621977573,2518.785167388938,1702.1613118376606,0.0,445.6480160814092,568.3462612512756,3.501594951803456,0.0,True,False
geo_07,2025-04-21,223898.99219595315,2667.518573267964,1781.3194245484779,0.0,660.9728717443248,625.9264356902563,3.5353244646610578,0.0,True,False
geo_07,2025-04-28,235012.41107741048,2847.2497213484044,1051.0774307286026,0.0,612.1783697856038,586.1963835767895,3.4361732462188592,0.0,True,False
geo_07,2025-05-05,216617.29145815494,2600.7882974334966,1127.8789933923968,0.0,526.8186529177178,652.0468937594251,3.5273133775390564,0.0,True,False
geo_07,2025-05-12,221109.4156587959,2358.3881485338843,1312.5162689552767,0.0,485.10425450695243,508.6908317986794,3.479732846102402,0.0,True,False
geo_07,2025-05-19,190676.81235388678,2252.548491113874,1072.9985454605132,0.0,461.7966289713517,864.4043153999779,3.471466630225761,0.0,True,False
geo_07,2025-05-26,220507.72259102503,2229.6883909286707,973.4331133639223,0.0,490.59871164702525,690.1745867189439,3.47639180387238,0.0,True,False
geo_07,2025-06-02,344550.99543493666,2946.3148227254837,1271.7123491851885,0.0,380.841846617705,614.0975208986163,2.966494697674061,1.0,True,False
geo_07,2025-06-09,267414.8339314482,1992.3759156454796,1156.841792177813,0.0,542.7995278551066,815.6020293909245,2.996558056823994,1.0,True,False
geo_07,2025-06-16,302550.9106395348,2148.5479659470966,1199.0115575502084,0.0,446.9708983281918,490.23496033264416,2.9979889054562046,1.0,True,False
geo_07,2025-06-23,213557.47308115877,2250.0149588583326,1932.9961316939286,0.0,408.8743520171195,781.9535781277189,3.526323173953027,0.0,True,False
geo_07,2025-06-30,246040.90434316656,2501.615552733237,2342.6906759027725,0.0,331.4044627916976,852.7346800134056,3.538550163278552,0.0,True,False
geo_07,2025-07-07,228201.19084725055,1614.125659700808,2138.691398960981,0.0,352.2658883046849,778.415526328777,3.479791170789315,0.0,True,False
geo_07,2025-07-14,232610.81632875724,2309.0227362143564,1299.0734243406928,11363.116272758529,438.6607038777415,683.6889598375678,3.527478256122254,0.0,True,False
geo_07,2025-07-21,254243.61413046723,2841.377239415872,1826.440179106462,7834.365926392771,555.3650758279056,585.7641484491852,3.451095489416308,0.0,True,False
geo_07,2025-07-28,252367.7952424646,2839.7129055831074,1176.36033781777,9481.619977252403,706.6545853694081,579.6391534049432,3.5124350450377935,0.0,True,False
geo_07,2025-08-04,281332.023308955,2652.6228904156715,1118.147140975083,8206.702490215333,544.2907540155865,680.7068148163091,3.4532865281917027,0.0,True,False
geo_07,2025-08-11,304437.69758839655,2217.4340157540196,1203.0449873868872,9377.522736252045,455.36317159822033,823.2288390160309,3.4715077063634143,0.0,True,False
geo_07,2025-08-18,214600.2279209826,2209.730619187201,1030.7901388432144,8343.620754170075,401.61719142036264,695.1396179764379,3.511262941902773,0.0,True,False
geo_07,2025-08-25,262005.98380666648,2012.9357203166255,1137.6639054041761,0.0,460.9345091009822,625.2105379906596,3.4655078206743672,0.0,True,False
geo_07,2025-09-01,226958.6204994264,1651.0075673353333,1088.8221899065438,0.0,589.5993651667285,665.3180196571997,3.507313770116963,0.0,True,False
geo_07,2025-09-08,265551.9670155447,2226.858439452253,1145.2947902339045,0.0,400.39414806252654,710.2811499191642,3.4410515083300277,0.0,True,False
geo_07,2025-09-15,218132.78641005134,2297.625600869273,989.596579775831,0.0,573.8400655652576,797.4101961314037,3.4664077482436193,0.0,True,False
geo_07,2025-09-22,175164.44650278444,1954.7961862520983,849.4201881772976,0.0,553.5852490884201,824.4423978434469,3.5086680084506483,0.0,True,False
geo_07,2025-09-29,198606.1021562979,2150.55447962947,1918.37534128927,0.0,596.6432973983824,512.0365436622151,3.5415092097973284,0.0,True,False
geo_07,2025-10-06,316317.1969888804,2094.838804264648,2776.376334011345,0.0,558.8369762406479,709.9345666535289,2.9567531539820577,1.0,True,False
geo_07,2025-10-13,298738.299743917,2597.737394070379,2065.5550416392666,0.0,388.81468160209806,698.815059136784,3.0362275615669208,1.0,True,False
geo_07,2025-10-20,279674.40066926123,2145.0150126468275,1354.1152548219557,0.0,560.3950598593109,758.2433696524049,2.998019654752869,1.0,True,False
geo_07,2025-10-27,297388.7631030212,2422.427289708756,1134.5813327464066,0.0,686.7788034941988,1619.9761635720363,3.0561202458334558,1.0,True,False
geo_07,2025-11-03,389744.22148312716,2269.0823796654886,1107.1232834965044,9786.049666038469,453.6228691792431,2185.9462463971636,2.981522907640059,1.0,True,False
geo_07,2025-11-10,399400.5789240119,2536.9464323779616,887.7324145083714,10247.58046632676,654.716138805111,1671.7953807241756,2.9756185717788997,1.0,True,False
geo_07,2025-11-17,270203.4366812803,2089.8321987376603,1035.222706608778,9148.815383920344,645.5219121212054,1936.9396899592264,3.501369623315311,0.0,True,False
geo_07,2025-11-24,328171.29949123634,2424.6750957587656,1135.3936337154282,9854.348519992154,476.46339640436275,2382.3044923858397,3.4537051254411786,0.0,True,False
geo_07,2025-12-01,317857.5794206916,3068.591844903336,1289.1996868710687,10171.107363572979,353.7329321031024,1552.426215443257,3.494606828055586,0.0,True,False
geo_07,2025-12-08,302453.4951433646,2276.920798322807,987.334495476353,8418.809420188289,372.61126372275044,1752.477906082701,3.4881588551902096,0.0,True,False
geo_07,2025-12-15,315752.0782031147,2242.898735315626,1384.8468207147664,0.0,556.866333250674,1637.9535935239717,3.535225890748872,0.0,True,False
geo_07,2025-12-22,233068.90538135663,3239.551815740768,1316.2596545280212,0.0,435.3704761767586,1668.8306461433976,3.5018961012300505,0.0,True,False
geo_08,2024-01-01,169818.81302815164,867.4315249610044,1883.5708761251688,0.0,472.614202854735,2986.1773392147006,3.5404640993780108,0.0,True,False
geo_08,2024-01-08,179271.8524172349,839.2577735194559,2177.1532344966595,0.0,631.4851281596709,2433.8192920427296,3.4935704493734465,0.0,True,False
geo_08,2024-01-15,169429.509977125,1060.3325065421302,2397.9220350902146,0.0,509.7988998168957,721.7638511462839,3.5014036719439665,0.0,True,False
geo_08,2024-01-22,163892.7196563667,1170.2781996080557,1707.2137856978984,0.0,522.2146383996794,798.1355429901139,3.529662537573022,0.0,True,False
geo_08,2024-01-29,185469.8840314901,1130.130104042355,1890.087029486498,0.0,688.4216767520666,709.1973539571343,3.518766113358302,0.0,True,False
geo_08,2024-02-05,182391.29852204747,1089.5309814057568,1736.8748663302658,0.0,729.3761550918159,1031.656956915079,3.510205582214525,0.0,True,False
geo_08,2024-02-12,178385.42450810305,848.3599581801291,1561.2249723845725,10475.035798317587,636.687803709267,864.16336470776,3.4767669466281466,0.0,True,False
geo_08,2024-02-19,214647.81589574582,1273.6051262491858,1722.4444910414888,10079.91696765924,329.8957191839976,979.0814059571602,3.454441313075689,0.0,True,False
geo_08,2024-02-26,208588.72259640443,745.4370216825065,1546.6729241841117,10909.136785335142,499.2881407447558,873.0255055502985,3.5031282944771456,0.0,True,False
geo_08,2024-03-04,304406.4376607693,950.66394107743,1842.5255355490506,11158.53610876639,643.1505518345526,399.1904818341072,2.9746924106644896,1.0,True,False
geo_08,2024-03-11,270152.8547219328,970.213307109524,1703.6445448661852,11926.45448127521,638.416691351477,733.6240707817549,3.0147343224784224,1.0,True,False
geo_08,2024-03-18,273228.9221140349,1384.8483803610015,1573.61596339929,9150.668602580248,671.4448365108772,1318.3091517627488,2.9963165079967182,1.0,True,False
geo_08,2024-03-25,300102.60011806915,1166.894480928076,1575.1814695859584,0.0,298.7120684252037,747.6050644928401,2.967715698885273,1.0,True,False
geo_08,2024-04-01,263471.695884444,1148.5209018190621,2897.895243458398,0.0,462.19758017620416,923.9974503404169,2.9980049853589508,1.0,True,False
geo_08,2024-04-08,252343.45864769022,1387.9502113544745,3339.6259990599183,0.0,650.3299461687875,913.4827024304194,3.0112044961966538,1.0,True,False
geo_08,2024-04-15,137505.41661203347,1317.809345877286,1701.3386229502166,0.0,425.38581922906116,984.5260460227865,3.4961954520582195,0.0,True,False
geo_08,2024-04-22,202689.2271833137,1195.7569939606158,2274.5634498182617,0.0,546.9476733735352,597.2959495917453,3.462688338481647,0.0,True,False
geo_08,2024-04-29,168068.32152080673,950.3967538180739,1391.9196605177597,0.0,534.3637868715862,967.7365282884119,3.4991552820885916,0.0,True,False
geo_08,2024-05-06,126748.0145700289,1186.529275345326,1488.552422587168,0.0,437.3392441088846,676.214757895883,3.502459359494774,0.0,True,False
geo_08,2024-05-13,220238.04713663217,813.3817677473968,2000.797674401796,0.0,662.6307557337016,854.8043451738486,3.518767629421578,0.0,True,False
geo_08,2024-05-20,199993.18656840292,1082.2475086845654,1987.4317512751124,0.0,516.0309018591222,872.5660882277261,3.5151990013508065,0.0,True,False
geo_08,2024-05-27,171543.83636282294,1084.2200830130441,1506.568794460678,0.0,648.7606413740525,1138.9800916998,3.4583018127974285,0.0,True,False
geo_08,2024-06-03,270384.98483297107,828.7272026348974,2115.44736490568,0.0,657.337314279957,1039.5785942885243,2.9751166364495316,1.0,True,False
geo_08,2024-06-10,248832.95700711187,1065.4648074910472,1399.11792115522,0.0,622.0165208027357,1047.8819926500614,3.0081108225258046,1.0,True,False
geo_08,2024-06-17,268530.89875997696,928.9045656147439,1556.2699881415215,0.0,390.921140090768,1047.8747656180967,2.939239409797681,1.0,True,False
geo_08,2024-06-24,170878.82427708668,1088.9724448514999,1893.475273487215,0.0,546.3819511106706,763.503914459104,3.5171252855032846,0.0,True,False
geo_08,2024-07-01,166112.34444050022,1118.0487404930466,2832.900703137408,0.0,431.21987884889614,765.2142942340785,3.4607031988971086,0.0,True,False
geo_08,2024-07-08,190347.73996824716,975.6082662128051,2615.70131786069,0.0,390.6709849858508,652.3715282910968,3.475280030028433,0.0,True,False
geo_08,2024-07-15,157441.33286980446,970.6477670099631,2876.1536392422854,10060.771828892834,481.00482543412113,758.3787228313827,3.5403725637052963,0.0,True,False
geo_08,2024-07-22,214696.12435537972,1222.8761675888977,2090.3854814842375,9168.543967209223,618.5736943454027,807.0875335611747,3.487749547214842,0.0,True,False
geo_08,2024-07-29,187151.64919371283,1047.7561103836474,1195.4805849972686,9407.130776372931,686.1020144221468,913.2227498269419,3.4794644178366747,0.0,True,False
geo_08,2024-08-05,227763.5192125337,1248.6380006271509,1401.4372309042685,9499.19447444413,671.905395497137,519.0419450815092,3.4998213173008845,0.0,True,False
geo_08,2024-08-12,216240.11548950154,1149.6892617209553,1489.2234987695997,10796.192882998643,425.69864352828887,1197.795439198229,3.486721322972923,0.0,True,False
geo_08,2024-08-19,240234.348076346,1549.8177477394077,1494.4452438424876,9025.595362151531,508.4181419040489,782.8155955570679,3.4681557751672973,0.0,True,False
geo_08,2024-08-26,197404.9843195347,787.8866787173487,1699.0708456926707,0.0,705.359723643199,679.4857833346359,3.4987200283334046,0.0,True,False
geo_08,2024-09-02,192501.35437332786,1016.7930350550012,1638.3574202980044,0.0,784.389693588225,794.1882250750972,3.5645753612041595,0.0,True,False
geo_08,2024-09-09,195158.60543618145,1157.362217330288,1504.6146788069912,0.0,565.1603066796295,1043.913910037953,3.522095112677213,0.0,True,False
geo_08,2024-09-16,165105.2319043957,841.8150057734165,1158.200572125613,0.0,711.5865498553385,585.6483635657063,3.5052829101033116,0.0,True,False
geo_08,2024-09-23,199659.60745118748,1142.1985786836694,2359.55413745795,0.0,772.4015890288694,967.2719012901158,3.498979218794652,0.0,True,False
geo_08,2024-09-30,204043.50965601372,1456.2207943959875,2698.4961035776378,0.0,524.2217262707544,974.9888853323818,3.5178428385352882,0.0,True,False
geo_08,2024-10-07,258659.00488796923,1607.3218978127863,3546.3985469966824,0.0,734.8343707416096,1159.014014476673,3.008660235140317,1.0,True,False
geo_08,2024-10-14,281626.36933654157,1069.511752030016,3100.498455455632,0.0,621.1805567678736,1160.5404227796782,2.9643836056457955,1.0,True,False
geo_08,2024-10-21,277952.0410234564,1175.545712409818,2056.282056989672,0.0,656.3575218692723,936.0381284933122,3.0051610334734784,1.0,True,False
geo_08,2024-10-28,290888.4221070869,1209.7010234240126,1274.1665184350854,0.0,522.7398300016719,2617.0844986546563,2.9915619138525433,1.0,True,False
geo_08,2024-11-04,237065.95672828358,1343.0393683050527,1224.2588987895476,10383.575298755548,516.9677408510157,2786.918178457534,3.041304114793093,1.0,True,False
geo_08,2024-11-11,267262.8356806294,1132.9535325424263,1673.749243316857,9956.837775193708,502.8430229572299,2165.476470416534,2.983688826617786,1.0,True,False
geo_08,2024-11-18,239422.2761683676,908.3895727409922,1531.7634266239456,11612.11677059389,590.8683407292659,1867.989613767022,3.533686486741544,0.0,True,False
geo_08,2024-11-25,265881.499247412,1311.8567537861404,1682.9372156921957,12186.390897429686,618.8629156558009,2821.781308713999,3.449666599043135,0.0,True,False
geo_08,2024-12-02,260352.82742156988,1303.1088703141838,1579.3531287172148,10388.405756287097,540.1175038082517,2149.216589719287,3.500920652354926,0.0,True,False
geo_08,2024-12-09,280985.29529187706,1183.6989326274559,1337.98258972996,11032.812920942559,424.48758670742586,1935.6071386794808,3.465170717065493,0.0,True,False
geo_08,2024-12-16,258385.53519653177,1042.5614483558686,1476.7281921721883,0.0,637.1688153083012,2093.106763723998,3.4593794796517345,0.0,True,False
geo_08,2024-12-23,213022.2814113261,1451.4365947313577,1600.9873721807417,0.0,455.78131810384184,2132.189952362096,3.517407763095124,0.0,True,False
geo_08,2024-12-30,219646.45133323592,905.3723555169491,2398.358797803604,0.0,451.48560950592685,1814.7248557136343,3.4556883162585312,0.0,True,False
geo_08,2025-01-06,232608.23693592678,1488.523138135103,3776.37676049764,0.0,283.7992590143117,2413.0282159664507,3.485179974320168,0.0,True,False
geo_08,2025-01-13,225709.24661577647,1227.3134534627297,2768.812408575338,0.0,587.3610875405761,806.0238844920582,3.465500758881721,0.0,True,False
geo_08,2025-01-20,164769.88375324063,1289.9967387747558,2454.658592531816,0.0,627.6627038641291,921.5841366013422,3.503817638277204,0.0,True,False
geo_08,2025-01-27,217269.30208634472,1260.8114245403171,1773.7558923703875,0.0,623.8895361238494,831.0706753453591,3.4996888916131748,0.0,True,False
geo_08,2025-02-03,186183.3375347028,1113.5115802195885,1407.0127096635663,0.0,752.371140530176,985.323019454056,3.4144491400402073,0.0,True,False
geo_08,2025-02-10,208512.24128539622,1372.4579335016256,1352.9204887338183,10726.691538670628,344.5633435366166,796.2656847902249,3.51447493957382,0.0,True,False
geo_08,2025-02-17,224516.47754231514,1104.798627659417,1562.1771972619586,9614.60414234638,486.8050395020567,1196.2327259121319,3.4687323519447064,0.0,True,False
geo_08,2025-02-24,224531.58929640873,1228.4094854821972,1770.2609831126742,9615.166783221812,704.7376164169971,869.3886452538507,3.560072368531564,0.0,True,False
geo_08,2025-03-03,284291.88399742515,1433.3970343666922,1400.6097105915155,10626.802640659496,397.2521977473351,904.9594152210365,3.0164388436431624,1.0,True,False
geo_08,2025-03-10,300278.6031222029,1285.9302364013047,1300.450579404807,10850.440915907213,592.4221779311665,824.34953658709,3.018603879906354,1.0,True,False
geo_08,2025-03-17,313931.11366255675,1547.0938544182393,1416.9294317056717,9918.662632296435,476.59923268450956,921.0178575268662,2.9196586560537003,1.0,True,False
geo_08,2025-03-24,266848.38044667855,1479.3191031162773,2043.6752270242332,0.0,499.01902998967483,1258.4520171174624,3.042436012569507,1.0,True,False
geo_08,2025-03-31,336069.6259363481,1146.197479277972,2173.655630969912,0.0,701.9494467180515,970.1099895061895,2.9920057849664277,1.0,True,False
geo_08,2025-04-07,290878.2471995831,1268.3449796215505,2555.961534439731,0.0,393.94878471313916,1101.7812172973531,2.951120050865616,1.0,True,False
geo_08,2025-04-14,188296.52443388238,1326.7410871256732,2707.633088145655,0.0,510.8835374090869,946.6060713766173,3.501594951803456,0.0,True,False
geo_08,2025-04-21,251288.51261823956,1280.5718743505076,2160.685931516481,0.0,633.9784472605343,988.0536491531201,3.5353244646610578,0.0,True,False
geo_08,2025-04-28,163925.4562067089,1056.9277409270164,1206.3692875201054,0.0,364.62157557659503,973.6799284298944,3.4361732462188592,0.0,True,False
geo_08,2025-05-05,182862.1530447452,1128.7197624974312,1375.2398130638985,0.0,478.8856510987094,946.9445432259495,3.5273133775390564,0.0,True,False
geo_08,2025-05-12,168963.84882361576,993.0961704937044,1706.7801006514283,0.0,671.9017904159206,837.5619532397372,3.479732846102402,0.0,True,False
geo_08,2025-05-19,166955.00228723275,1161.2445446670283,1624.9797009512895,0.0,620.3383230467421,740.6247334501542,3.471466630225761,0.0,True,False
geo_08,2025-05-26,199292.9370427883,1320.7610289051527,1997.3319804280598,0.0,417.9244215960712,935.2206574418852,3.47639180387238,0.0,True,False
geo_08,2025-06-02,291648.66585381894,1130.9985432276494,1215.2224125139435,0.0,533.1445464505899,737.9541234912581,2.966494697674061,1.0,True,False
geo_08,2025-06-09,262972.1325017021,1222.9660113808823,1940.7843011752416,0.0,640.7868126281295,1013.476956720864,2.996558056823994,1.0,True,False
geo_08,2025-06-16,303528.1069033934,1327.0241148496486,1689.616737092837,0.0,353.2894249086079,938.7817743428677,2.9979889054562046,1.0,True,False
geo_08,2025-06-23,188448.07336103328,1725.9192764578138,1956.3929012507326,0.0,672.2464655170741,1198.3507507098952,3.526323173953027,0.0,True,False
geo_08,2025-06-30,224272.42814714275,1317.5238270838568,2125.0126994970747,0.0,508.2813720189194,673.3341275568254,3.538550163278552,0.0,True,False
geo_08,2025-07-07,229183.10489886504,1331.7035141851898,2456.2776272070605,0.0,694.6072933880704,1161.57438676808,3.479791170789315,0.0,True,False
geo_08,2025-07-14,211061.7520666095,1098.6259458857207,2095.6689111726973,9816.36929340138,459.93343695534503,625.2072921661106,3.527478256122254,0.0,True,False
geo_08,2025-07-21,217449.5526642889,1712.6506822282624,1906.5717789348016,11678.262546103013,701.9118691690322,929.6442108422393,3.451095489416308,0.0,True,False
geo_08,2025-07-28,216902.89506573492,1317.6196682727582,1770.106208903367,8924.130719755489,563.4842762518238,1040.03732716655,3.5124350450377935,0.0,True,False
geo_08,2025-08-04,244767.41750894705,1185.1367047655976,1551.8363863125824,9788.29394829582,419.78285883319063,687.82958102675,3.4532865281917027,0.0,True,False
geo_08,2025-08-11,264366.9037039344,1555.3688832443909,1578.8341741690115,9547.481146246866,538.8235607980733,993.7557377164204,3.4715077063634143,0.0,True,False
geo_08,2025-08-18,221580.92162299808,1530.5596251318495,1793.4274749562724,10940.315014365933,499.27535372792806,979.2074977796631,3.511262941902773,0.0,True,False
geo_08,2025-08-25,223368.6470076757,1262.402913103338,1072.22630876576,0.0,585.8465297563674,457.78470596711435,3.4655078206743672,0.0,True,False
geo_08,2025-09-01,202229.61928355775,1318.4329567107236,1109.5220532084543,0.0,496.5611572570031,778.6780101435197,3.507313770116963,0.0,True,False
geo_08,2025-09-08,188244.74505003335,1250.5226370147866,1628.165488626031,0.0,790.5159335166586,721.9196551595813,3.4410515083300277,0.0,True,False
geo_08,2025-09-15,198075.79366325474,1267.0724073004924,1421.0403945320704,0.0,557.8037940287393,848.3762415665703,3.4664077482436193,0.0,True,False
geo_08,2025-09-22,249477.47131385235,1182.7590101570736,2229.4995145568037,0.0,503.466138949277,898.1453718174755,3.5086680084506483,0.0,True,False
geo_08,2025-09-29,203503.79400445503,1296.9863023742294,2552.0673031080364,0.0,641.6486728430756,775.0879407970019,3.5415092097973284,0.0,True,False
geo_08,2025-10-06,260395.65062921555,881.1380897577736,2836.974140002657,0.0,551.1589788557945,936.003804019474,2.9567531539820577,1.0,True,False
geo_08,2025-10-13,268276.289454514,1443.3128055418704,3200.248829566784,0.0,659.7533331556931,739.4740438360609,3.0362275615669208,1.0,True,False
geo_08,2025-10-20,305614.0161097004,1233.6788674842767,2437.295980161449,0.0,453.57856804309904,1123.2683419680902,2.998019654752869,1.0,True,False
geo_08,2025-10-27,284752.19770275743,1711.0679885851696,1288.4766787853243,0.0,622.5537375182578,2294.017883963656,3.0561202458334558,1.0,True,False
geo_08,2025-11-03,325092.905431854,1198.0445593957409,1429.8176271158397,10036.40565449293,648.8459247022807,2844.02270927643,2.981522907640059,1.0,True,False
geo_08,2025-11-10,312255.1763638879,1389.051714362767,1671.5674838809762,11904.673583515512,559.6979668969859,2424.0800665127117,2.9756185717788997,1.0,True,False
geo_08,2025-11-17,236066.97038016448,1704.5409198774873,1397.8016314114834,11050.532519497896,539.5341551619517,2239.3194540182067,3.501369623315311,0.0,True,False
geo_08,2025-11-24,327250.06466851546,1392.5572860199213,1320.505966861738,10139.782293061373,641.147430384229,3046.8082307286254,3.4537051254411786,0.0,True,False
geo_08,2025-12-01,309818.6236050761,1169.1163507297447,1548.9400812743559,11910.267844314183,556.0172976650712,2345.1092701206285,3.494606828055586,0.0,True,False
geo_08,2025-12-08,289343.862186142,1221.40802450331,1584.9705989007787,10740.063765452733,804.9440613270867,2944.1353796505664,3.4881588551902096,0.0,True,False
geo_08,2025-12-15,266471.6861290843,1058.2955258920656,1634.8404062265595,0.0,710.2721426607922,1779.5939133362895,3.535225890748872,0.0,True,False
geo_08,2025-12-22,255489.22815277294,985.4211454945258,1974.0713321372293,0.0,552.0774184778148,2046.3278439295023,3.5018961012300505,0.0,True,False
geo_09,2024-01-01,161444.06766830504,1657.404634646154,1346.398494592472,0.0,468.97045157527873,1453.2257797810544,3.5404640993780108,0.0,True,True
geo_09,2024-01-08,170487.68044556613,1512.1862782247445,1511.4074867801087,0.0,549.4618013418468,1418.206947654273,3.4935704493734465,0.0,True,True
geo_09,2024-01-15,158606.54176949794,2386.7086563370735,2092.7175916770516,0.0,583.9431657868207,532.5296508406437,3.5014036719439665,0.0,True,True
geo_09,2024-01-22,165146.19983460402,2222.9233502505276,1063.6036351454954,0.0,368.7507640217837,572.1906901958657,3.529662537573022,0.0,True,True
geo_09,2024-01-29,138456.57174698112,1154.3414259283213,905.889300542556,0.0,540.4970222671749,806.8148869662411,3.518766113358302,0.0,True,True
geo_09,2024-02-05,103335.07604633631,2054.1868280236918,995.0278162399403,0.0,370.4079077969847,763.9889011756434,3.510205582214525,0.0,True,True
geo_09,2024-02-12,170776.84069844594,1681.8574366070104,768.1866007004991,8094.306189018925,422.4588085482574,830.0505096668204,3.4767669466281466,0.0,True,True
geo_09,2024-02-19,183004.56807009614,1723.5704165017726,955.8714819779478,9597.339553736123,646.3977701814993,827.859895040564,3.454441313075689,0.0,True,True
geo_09,2024-02-26,174215.4087965574,1883.2896665703872,917.3450143800428,9501.023761950823,300.1669723958274,801.6332206105674,3.5031282944771456,0.0,True,True
geo_09,2024-03-04,265126.83376899274,1397.9623338889617,768.9447661336621,7793.395495761042,390.5844147193784,627.5305980796513,2.9746924106644896,1.0,True,True
geo_09,2024-03-11,216296.5215150472,1434.9496861461307,1037.5585534595798,9403.84801739583,383.4250363709555,490.73147492515653,3.0147343224784224,1.0,True,True
geo_09,2024-03-18,279488.2670334244,1608.9200196738047,977.1369156007408,6661.6019254689145,514.9025317570668,775.3423719320941,2.9963165079967182,1.0,True,True
geo_09,2024-03-25,231480.42849603645,1578.1166522783785,946.1733494434544,0.0,469.06931704454206,598.2425645766766,2.967715698885273,1.0,True,True
geo_09,2024-04-01,221953.1543348821,1328.212311254503,1538.7958581286694,0.0,365.4905144771731,798.8415961766682,2.9980049853589508,1.0,True,True
geo_09,2024-04-08,248051.58025291495,2112.5195568602035,1147.889546661338,0.0,424.99871811948054,896.3299224140081,3.0112044961966538,1.0,True,True
geo_09,2024-04-15,119882.4240105375,1811.9228191383418,1900.578854629708,0.0,526.8426793218241,793.8468904245594,3.4961954520582195,0.0,True,True
geo_09,2024-04-22,162471.33147351042,1943.5705288530548,1223.857899196425,0.0,563.8782692174831,847.9973748526005,3.462688338481647,0.0,True,True
geo_09,2024-04-29,180144.76886866495,2176.7225472502587,908.103531175717,0.0,438.8453522968834,741.3393004469633,3.4991552820885916,0.0,True,True
geo_09,2024-05-06,150190.38904824667,1925.0900905603908,1013.209849911775,0.0,411.4767889109528,757.3961136517112,3.502459359494774,0.0,True,True
geo_09,2024-05-13,137126.3029612798,1487.1017770881085,887.2529451960515,0.0,345.9826136808175,678.1436944048864,3.518767629421578,0.0,True,True
geo_09,2024-05-20,145867.6044930489,1698.1628658607328,922.6639667654701,0.0,674.8327593943867,597.3953485556457,3.5151990013508065,0.0,True,True
geo_09,2024-05-27,139957.551105273,2226.7844545120065,565.5970091694644,0.0,368.6033550282759,452.35122035177636,3.4583018127974285,0.0,True,True
geo_09,2024-06-03,240470.627669474,1867.5447790545377,1328.7845190972319,0.0,548.7128996480077,606.6772897838202,2.9751166364495316,1.0,True,True
geo_09,2024-06-10,230566.73492406093,1424.0165189118984,921.4225981642377,0.0,456.8500385233052,986.218936972024,3.0081108225258046,1.0,True,True
geo_09,2024-06-17,242863.74034031222,1558.9969289287383,912.8621442318108,0.0,362.24853622716256,665.7621406232188,2.939239409797681,1.0,True,True
geo_09,2024-06-24,160295.4147987226,1467.9594138656491,1056.1537624127018,0.0,557.4660471778171,850.2111698133334,3.5171252855032846,0.0,True,True
geo_09,2024-07-01,157530.01514977042,2022.3800374195469,1111.560842383342,0.0,605.9936564902151,981.9379155527936,3.4607031988971086,0.0,True,True
geo_09,2024-07-08,167720.45174947925,1624.8539124128336,1763.3230648691588,0.0,434.08691422381173,614.7657531059151,3.475280030028433,0.0,True,True
geo_09,2024-07-15,194304.0949410024,1870.8609868014642,1672.8529677651127,8042.662627797587,475.50186976166293,661.7921602882623,3.5403725637052963,0.0,True,True
geo_09,2024-07-22,187798.77621844987,1651.2393392733907,1451.3817660473933,8594.94057234784,417.9726082288267,843.8227612570404,3.487749547214842,0.0,True,True
geo_09,2024-07-29,224431.08641051204,2086.188040459142,848.0969048419646,8280.699075123703,576.0509605089243,698.3321048503282,3.4794644178366747,0.0,True,True
geo_09,2024-08-05,209457.55192165007,1551.2286805687315,969.0030414719764,8181.363040462859,478.57860249693493,542.4498686833825,3.4998213173008845,0.0,True,True
geo_09,2024-08-12,230132.81709121776,2158.5269817256717,802.4226810146715,8719.01731219858,414.69248974563664,551.7321719194648,3.486721322972923,0.0,True,True
geo_09,2024-08-19,213476.54383557834,1527.9838120582942,854.6305370946967,8499.187138524969,417.5045175555119,572.6058777205943,3.4681557751672973,0.0,True,True
geo_09,2024-08-26,179424.68065669836,2481.509766695047,802.6517502385815,0.0,531.7808719807626,860.2646625269724,3.4987200283334046,0.0,True,True
geo_09,2024-09-02,157604.94647748044,1704.854492373081,845.9235196838305,0.0,544.7540600835591,506.03228597997474,3.5645753612041595,0.0,True,True
geo_09,2024-09-09,139477.56297498924,2003.0444107155656,908.5042804793281,0.0,523.0157605404452,675.4886942546173,3.522095112677213,0.0,True,True
geo_09,2024-09-16,172663.20187915873,1503.1695710627716,632.5780053026822,0.0,458.88524934592596,636.8719964676244,3.5052829101033116,0.0,True,True
geo_09,2024-09-23,105596.544129317,1707.2793674901513,964.7755213914022,0.0,560.8096499216429,720.2871468127863,3.498979218794652,0.0,True,True
geo_09,2024-09-30,168592.25891593655,1692.7539244437417,1560.3509315051958,0.0,379.64232326377424,496.45923681725765,3.5178428385352882,0.0,True,True
geo_09,2024-10-07,243175.49501881594,2093.103982903335,1549.8951480721944,0.0,336.6207309876926,614.63575098529,3.008660235140317,1.0,True,True
geo_09,2024-10-14,235182.65680368524,2178.7793945083163,1805.8057793291528,0.0,372.2622373104774,654.6952112450525,2.9643836056457955,1.0,True,True
geo_09,2024-10-21,197667.3740063361,1715.694478219804,957.3903018703118,0.0,341.4507849361492,553.4103912868054,3.0051610334734784,1.0,True,True
geo_09,2024-10-28,217735.5771559665,1829.505607595216,963.0968612763107,0.0,443.1184345548826,1147.340599697927,2.9915619138525433,1.0,True,True
geo_09,2024-11-04,235785.679347646,1945.1374729486283,674.9757358645626,8308.734433233907,412.269030198905,2450.1575557648202,3.041304114793093,1.0,True,True
geo_09,2024-11-11,275292.91295291786,2079.039878265183,840.284748373644,8736.762195327752,477.30840891292365,1809.1835603000693,2.983688826617786,1.0,True,True
geo_09,2024-11-18,231370.84509348162,2075.71421538487,808.4741231814461,10361.094587586804,333.6409332119542,1942.9584267198204,3.533686486741544,0.0,True,True
geo_09,2024-11-25,256303.4748194752,1679.3009486660808,997.4004144780995,7864.218182852701,444.5025738030158,1386.131374497074,3.449666599043135,0.0,True,True
geo_09,2024-12-02,245224.69510258763,1685.9374510220316,849.4905926565799,7078.380974999177,423.46427988360557,1823.0572931797144,3.500920652354926,0.0,True,True
geo_09,2024-12-09,245218.53784398574,1601.1290095081433,745.9265637953579,8526.956534731798,572.159172899075,2176.2712746821403,3.465170717065493,0.0,True,True
geo_09,2024-12-16,251595.78937606778,1658.99433756883,775.6125818921117,0.0,616.3398801099569,1496.6763048267553,3.4593794796517345,0.0,True,True
geo_09,2024-12-23,202052.0420299448,1845.3613992132614,1105.9096848116444,0.0,327.95177992851615,2536.6923550603515,3.517407763095124,0.0,True,True
geo_09,2024-12-30,218291.47824821767,1876.9448166633101,1139.247875867816,0.0,580.5905583352985,2535.124846529059,3.4556883162585312,0.0,True,True
geo_09,2025-01-06,190319.78094300046,2435.993036740167,1497.0409848669613,0.0,420.2437741887827,2500.218711322942,3.485179974320168,0.0,True,True
geo_09,2025-01-13,177037.3836965529,1881.9123573773697,1529.6381271321227,0.0,414.4975098179349,636.5620392595275,3.465500758881721,0.0,True,True
geo_09,2025-01-20,171955.56797802707,1698.4304890404437,921.0101391641134,0.0,536.49719618042,621.4848100381417,3.503817638277204,0.0,True,True
geo_09,2025-01-27,145944.34500734138,1618.1776290410576,984.0047421179822,0.0,386.4974474208891,810.9381780177317,3.4996888916131748,0.0,True,True
geo_09,2025-02-03,157895.89232532386,2285.195328420725,910.6137911395452,0.0,512.4408329870987,703.6541497444912,3.4144491400402073,0.0,True,True
geo_09,2025-02-10,181424.17660670425,1863.6111436405183,738.463361418609,8244.725418933991,517.709775278901,673.2647492696946,3.51447493957382,0.0,True,True
geo_09,2025-02-17,138999.30699275958,1806.7370843431731,1020.173111614842,8398.28987656069,244.43820590354417,771.1051807937012,3.4687323519447064,0.0,True,True
geo_09,2025-02-24,185486.7159664328,1856.1524616885588,874.7408868056492,8838.503052817561,376.6428762998212,726.7328199143677,3.560072368531564,0.0,True,True
geo_09,2025-03-03,262405.31146664795,1820.3289043347866,727.6127274780868,8884.700886782724,536.7308804709941,745.8816961976092,3.0164388436431624,1.0,True,True
geo_09,2025-03-10,249395.14604163187,2084.7645371039703,1076.2918680606767,7163.042348755285,363.6416653592622,698.4530610593056,3.018603879906354,1.0,True,True
geo_09,2025-03-17,314502.9335144798,2021.4379137094652,781.834374342342,9947.36810466909,222.67587730474193,821.0485646529784,2.9196586560537003,1.0,True,True
geo_09,2025-03-24,229688.7635029315,2191.0125821065235,844.1595643735734,0.0,512.7518867386697,522.6513629458819,3.042436012569507,1.0,True,True
geo_09,2025-03-31,232766.82669826364,1435.2758066902563,1351.943830791462,0.0,563.0488826899582,717.4152738966475,2.9920057849664277,1.0,True,True
geo_09,2025-04-07,254439.3345997987,2304.068848690953,1526.3375254818068,0.0,438.4239016540842,659.3259636693307,2.951120050865616,1.0,True,True
geo_09,2025-04-14,158334.80630237208,1670.592093139327,1392.48919140743,0.0,484.6827067768981,668.5690665928291,3.501594951803456,0.0,True,True
geo_09,2025-04-21,136096.47217204346,2232.8607885553874,1137.8625750664678,0.0,469.4502926284646,790.5926973250039,3.5353244646610578,0.0,True,True
geo_09,2025-04-28,174619.15276931482,2474.9525522882072,1102.5316698660731,0.0,569.3766224420592,599.6569257112707,3.4361732462188592,0.0,True,True
geo_09,2025-05-05,167177.48355295294,1881.1147820340575,1128.8845951846333,0.0,386.7881695173173,924.5673753561822,3.5273133775390564,0.0,True,True
geo_09,2025-05-12,154006.6246715792,2003.5180364761131,798.6645139643545,0.0,601.9834346728516,728.0946332681158,3.479732846102402,0.0,True,True
geo_09,2025-05-19,160549.48287536728,1747.0038320186575,719.9176238743802,0.0,661.1040327270036,813.4982582555502,3.471466630225761,0.0,True,True
geo_09,2025-05-26,136810.6198207256,2037.001910885578,944.4132955439566,0.0,494.3306847846867,823.963127506563,3.47639180387238,0.0,True,True
geo_09,2025-06-02,247429.63662666752,2118.5103674201914,680.9001564711126,0.0,315.45844471784534,848.9845414579455,2.966494697674061,1.0,True,True
geo_09,2025-06-09,226892.06973562326,1805.9359015171951,828.4890490695053,0.0,336.61788421212026,712.9063740915483,2.996558056823994,1.0,True,True
geo_09,2025-06-16,262390.97289657296,2446.777710679546,794.7221307592639,0.0,410.99599351065285,494.989958570557,2.9979889054562046,1.0,True,True
geo_09,2025-06-23,184438.8888687385,2481.0240250181528,1257.9197319500595,0.0,563.4726106068593,688.0837381373575,3.526323173953027,0.0,True,True
geo_09,2025-06-30,171437.00603423326,2473.6623520467197,1050.825873599865,0.0,422.806364248572,909.2237407517775,3.538550163278552,0.0,True,True
geo_09,2025-07-07,225555.10397598008,1747.8733987599805,1814.9925225075472,0.0,486.94357428094014,629.1262632492148,3.479791170789315,0.0,True,True
geo_09,2025-07-14,177041.99616468733,1660.753025347641,1978.785640422735,7981.627932940293,469.57549959148974,715.8829897101986,3.527478256122254,0.0,True,True
geo_09,2025-07-21,203859.20085159774,2283.407882096101,1061.7604216979375,9467.189586884666,428.2292542187462,580.8192331362307,3.451095489416308,0.0,True,True
geo_09,2025-07-28,171078.09636682505,2291.8364907202927,903.4141142452672,8609.587329677763,532.034351434813,605.8549500406649,3.5124350450377935,0.0,True,True
geo_09,2025-08-04,204644.21152157974,1512.6692362702727,1019.0398655835016,9477.419806944179,546.8705758232189,862.2723551241859,3.4532865281917027,0.0,True,True
geo_09,2025-08-11,224993.45783044994,2314.3427308784876,715.1566699261766,7916.847583225031,512.8537774530469,535.917765607829,3.4715077063634143,0.0,True,True
geo_09,2025-08-18,265796.5443628637,2064.2686354405114,1229.1848087576782,9092.014740623794,507.9524708598451,596.8957352103866,3.511262941902773,0.0,True,True
geo_09,2025-08-25,189992.91623285654,2393.687350483588,883.7152446430509,0.0,474.0593153777997,671.5725508773942,3.4655078206743672,0.0,True,True
geo_09,2025-09-01,167130.6913594991,2550.3536599643844,702.8408637004444,0.0,498.69612764152606,588.8195843698049,3.507313770116963,0.0,True,True
geo_09,2025-09-08,175692.7420800642,2035.5516898523367,1023.6268252278153,0.0,514.5213932242859,563.9930096810091,3.4410515083300277,0.0,True,True
geo_09,2025-09-15,188413.85261075164,2717.1540767185725,890.3976641234646,0.0,347.35075479503286,908.9247045074942,3.4664077482436193,0.0,True,True
geo_09,2025-09-22,211149.19831904693,2103.5676678779732,1009.7635711048722,0.0,478.2553299774488,763.1943612467966,3.5086680084506483,0.0,True,True
geo_09,2025-09-29,232471.78966365897,2652.3643167596824,1112.8220287667896,0.0,337.7970559532539,867.5916591437526,3.5415092097973284,0.0,True,True
geo_09,2025-10-06,252322.1504182677,1899.0096378781827,1601.4917857201929,0.0,448.0995728992995,655.1248875749856,2.9567531539820577,1.0,True,True
geo_09,2025-10-13,226569.4801036412,2820.8962708418526,1347.9942383533617,0.0,420.5199369692375,713.8486232722156,3.0362275615669208,1.0,True,True
geo_09,2025-10-20,242088.18478906702,2155.7205239557966,1152.9659781378025,0.0,500.71651515907706,642.2722374176342,2.998019654752869,1.0,True,True
geo_09,2025-10-27,245956.216786283,1914.7385693410818,850.6441842188316,0.0,420.27871810232915,1839.0710512308988,3.0561202458334558,1.0,True,True
geo_09,2025-11-03,258692.95592615876,2413.9938044006017,1008.5367893039313,9164.47552854175,434.1013659406651,2260.237943861241,2.981522907640059,1.0,True,True
geo_09,2025-11-10,314671.36575936305,2360.2272420935574,810.216090235997,8672.680169970188,422.5354841757627,1880.4411125516208,2.9756185717788997,1.0,True,True
geo_09,2025-11-17,202878.68290688342,2167.28578502478,703.166380544187,8613.223679129309,416.15365904851114,1566.3215000609982,3.501369623315311,0.0,True,True
geo_09,2025-11-24,239966.47555440007,2580.886707495915,817.6889786172161,8396.609077443089,517.7832190141332,2342.0761521678905,3.4537051254411786,0.0,True,True
geo_09,2025-12-01,207817.69118788376,2424.641537287324,821.4893335647591,7979.130342220337,432.8210349027781,2892.4599013873403,3.494606828055586,0.0,True,True
geo_09,2025-12-08,213447.07295372014,2569.7764706770186,697.1385157923702,7937.853845010849,476.2357376886953,1599.7126804923996,3.4881588551902096,0.0,True,True
geo_09,2025-12-15,247485.84706586928,2092.572023643917,681.6987862017788,0.0,362.7319462907364,1743.5287388170395,3.535225890748872,0.0,True,True
geo_09,2025-12-22,241558.37633458537,2392.517508814022,1132.1173414495383,0.0,648.4228589135901,1822.7034158737727,3.5018961012300505,0.0,True,True
geo_10,2024-01-01,145988.78540126653,1792.517708006998,1724.4091265317998,0.0,545.7447905601526,2003.6909222729423,3.5404640993780108,0.0,True,False
geo_10,2024-01-08,134506.28552533506,1911.8832246041643,2449.2097660941017,0.0,518.7428145582888,1669.1127772826399,3.4935704493734465,0.0,True,False
geo_10,2024-01-15,167743.1430985118,1799.9757760610278,1541.2750855516692,0.0,572.954913707212,667.3482550292695,3.5014036719439665,0.0,True,False
geo_10,2024-01-22,130135.64307050352,1613.038016318465,1508.7218295704445,0.0,595.1546420691127,867.494840921925,3.529662537573022,0.0,True,False
geo_10,2024-01-29,144228.02286974926,1802.974487433875,1152.0858361336507,0.0,556.6976354910694,593.4004217104316,3.518766113358302,0.0,True,False
geo_10,2024-02-05,134218.60754206052,1925.001176375582,1078.3218061741989,0.0,461.94628416843494,728.0821727851369,3.510205582214525,0.0,True,False
geo_10,2024-02-12,129049.05853917809,1837.3749943674497,1079.1128149550218,7044.4693022207675,652.1464927620741,762.0535376355207,3.4767669466281466,0.0,True,False
geo_10,2024-02-19,126978.88522121492,2236.9800114613886,902.9329223840022,7735.468138435958,556.4979649352109,673.940117380387,3.454441313075689,0.0,True,False
geo_10,2024-02-26,168895.84122491168,1559.2078767217145,1053.1476854710131,8173.357438162616,602.7236803565287,595.9061008710677,3.5031282944771456,0.0,True,False
geo_10,2024-03-04,198216.68671285824,1624.5556939978921,1270.8235096437907,5897.347198735864,574.2424663317439,396.78071596336616,2.9746924106644896,1.0,True,False
geo_10,2024-03-11,204657.4533505389,1900.4361066916022,874.8202396618595,7671.690481510794,573.6700672224647,757.070133551106,3.0147343224784224,1.0,True,False
geo_10,2024-03-18,191423.32820919398,1837.2348039108053,1036.4960425889653,7099.765761295975,632.2892047015139,557.9741437841996,2.9963165079967182,1.0,True,False
geo_10,2024-03-25,229276.22806636587,1649.2776665418019,1215.1936607884943,0.0,450.7313883305351,548.0459731041221,2.967715698885273,1.0,True,False
geo_10,2024-04-01,182295.3276926269,1577.8926025338142,1898.8148057241592,0.0,707.4668463116109,540.0529413678689,2.9980049853589508,1.0,True,False
geo_10,2024-04-08,202671.0044150212,1710.409758254444,2463.475957355524,0.0,567.7177215401717,376.9884942941771,3.0112044961966538,1.0,True,False
geo_10,2024-04-15,171631.1414232666,1668.5093207125822,1503.0732978276812,0.0,445.3238572476878,606.5629512881814,3.4961954520582195,0.0,True,False
geo_10,2024-04-22,130969.90665385949,1758.1996232772249,1301.5760670640354,0.0,561.4030715530729,678.0902536919016,3.462688338481647,0.0,True,False
geo_10,2024-04-29,119435.9438260843,1277.1211292873654,917.7266853936628,0.0,763.8311069522347,492.59246882573865,3.4991552820885916,0.0,True,False
geo_10,2024-05-06,140784.460138797,1768.8716622407173,714.7003291114871,0.0,391.44847021614385,476.58729066971074,3.502459359494774,0.0,True,False
geo_10,2024-05-13,134228.18623424697,1366.4262322521304,831.9653673298507,0.0,514.4879635297593,592.0131643366504,3.518767629421578,0.0,True,False
geo_10,2024-05-20,132412.9531603656,1661.288763976928,1148.7728255682673,0.0,373.68378073455636,689.4288339953117,3.5151990013508065,0.0,True,False
geo_10,2024-05-27,161854.01020933976,1772.961803084211,1198.246718748908,0.0,435.0389521211752,914.216432835765,3.4583018127974285,0.0,True,False
geo_10,2024-06-03,186836.68423015936,1500.9287953672094,1408.3173202242751,0.0,579.6161711275394,450.64244598988597,2.9751166364495316,1.0,True,False
geo_10,2024-06-10,157337.42281924016,1591.5884820630436,967.7748733632585,0.0,486.4058873067302,678.9092352799216,3.0081108225258046,1.0,True,False
geo_10,2024-06-17,202771.76876888296,1489.2681747663737,902.3926202513397,0.0,477.3801498462279,868.2109054076531,2.939239409797681,1.0,True,False
geo_10,2024-06-24,157291.06145336447,1948.204538656701,1119.2008368149434,0.0,526.1767918642718,747.3232755150192,3.5171252855032846,0.0,True,False
geo_10,2024-07-01,138961.29807979593,1497.874394017364,1823.8148057528804,0.0,377.03153065037714,692.7419851960645,3.4607031988971086,0.0,True,False
geo_10,2024-07-08,119722.61328264365,2088.8722673022603,1950.4939888598665,0.0,410.66101286764933,716.1860454398135,3.475280030028433,0.0,True,False
geo_10,2024-07-15,183665.29348226954,1794.0190640410692,1899.77544235456,6842.976377876227,735.5066610510523,407.6963566552554,3.5403725637052963,0.0,True,False
geo_10,2024-07-22,158531.3497563878,2177.380842271784,968.7493915065805,6809.915934703292,592.4962584919699,769.6544058542071,3.487749547214842,0.0,True,False
geo_10,2024-07-29,149035.74273423213,1455.719232762125,979.0749873282818,6394.049549266328,545.3390961910158,393.08053786685633,3.4794644178366747,0.0,True,False
geo_10,2024-08-05,179169.00614000988,1915.1029574834808,952.8104798498629,7412.94021049095,712.9473326586427,473.53856071948167,3.4998213173008845,0.0,True,False
geo_10,2024-08-12,195470.39271530227,1675.9631032296154,900.8401367139845,8269.218875313723,589.6720669618741,969.1040385938976,3.486721322972923,0.0,True,False
geo_10,2024-08-19,173054.64168560327,1538.6232591530263,998.0303554229849,6790.809748111264,579.695103942785,635.8689818973501,3.4681557751672973,0.0,True,False
geo_10,2024-08-26,190988.70266120855,2065.8892129168844,914.0102820626307,0.0,667.3780418238211,892.7093621065146,3.4987200283334046,0.0,True,False
geo_10,2024-09-02,114659.00259790118,1812.7122090687485,892.6503799780664,0.0,561.534543581019,661.5302306117645,3.5645753612041595,0.0,True,False
geo_10,2024-09-09,138344.03256171997,1439.3130302660848,1057.5828583239445,0.0,769.3430620843785,708.2479047494631,3.522095112677213,0.0,True,False
geo_10,2024-09-16,123862.84105090438,1943.61489052706,1034.1218864488644,0.0,597.2958426644051,782.6323125437514,3.5052829101033116,0.0,True,False
geo_10,2024-09-23,138585.50795726228,1948.7719172365157,1178.0964898200148,0.0,663.4406631536234,499.04470329797505,3.498979218794652,0.0,True,False
geo_10,2024-09-30,121948.73322174317,1400.9005851005616,1141.9889111799077,0.0,438.6161402568427,670.6539751763934,3.5178428385352882,0.0,True,False
geo_10,2024-10-07,194624.67434843656,2008.1515604500464,1763.7011945119914,0.0,617.2622898786691,539.0414127706721,3.008660235140317,1.0,True,False
geo_10,2024-10-14,205143.87619939513,2106.4748329384793,1749.2332903855245,0.0,476.05543807358373,489.40328677475196,2.9643836056457955,1.0,True,False
geo_10,2024-10-21,174739.31438056473,1439.9277092285677,1176.5246461116994,0.0,329.0134092014058,677.6312089416756,3.0051610334734784,1.0,True,False
geo_10,2024-10-28,173856.40336693486,1299.9130786760595,944.0698507524523,0.0,603.27897637469,1409.0823913456604,2.9915619138525433,1.0,True,False
geo_10,2024-11-04,203606.6315540371,1881.2282649123797,944.0356118505531,7129.858601138774,722.6972194874687,1620.4618571164658,3.041304114793093,1.0,True,False
geo_10,2024-11-11,225027.16857131195,1618.1265123387404,632.2551084715003,6780.835075492534,539.1913384620149,2236.3401834631286,2.983688826617786,1.0,True,False
geo_10,2024-11-18,184574.51166341046,1922.0863855581429,1190.3863385291418,7369.520515525501,516.546195655985,2350.592850946516,3.533686486741544,0.0,True,False
geo_10,2024-11-25,200356.8606107665,1509.5274040938245,1090.6322640743863,6608.184654043347,567.5573623486424,1538.1586192809564,3.449666599043135,0.0,True,False
geo_10,2024-12-02,201133.1954165663,1415.5281120637105,1054.936096191135,7465.57843552066,508.8262043137582,1803.9820294808892,3.500920652354926,0.0,True,False
geo_10,2024-12-09,206204.60467313736,1925.4012051378097,1092.0680861035996,7420.001767593258,512.4603385884773,1485.4484379458759,3.465170717065493,0.0,True,False
geo_10,2024-12-16,180526.47557658443,1523.9547838286494,1053.4063770832383,0.0,611.3216422878229,1521.3423027178612,3.4593794796517345,0.0,True,False
geo_10,2024-12-23,161328.01742787648,1434.5128904092257,1003.4730043091847,0.0,690.0706866034731,1755.161630074683,3.517407763095124,0.0,True,False
geo_10,2024-12-30,148931.15272575303,1805.5285039386524,1772.8681613144722,0.0,312.77179451639944,1650.886735287433,3.4556883162585312,0.0,True,False
geo_10,2025-01-06,168675.6035793027,1888.7184232631873,2158.1635795441402,0.0,423.3751095503589,1570.4296828431286,3.485179974320168,0.0,True,False
geo_10,2025-01-13,190852.55354534183,1477.0802254942942,1427.711109174081,0.0,606.9266363910476,693.6954856990089,3.465500758881721,0.0,True,False
geo_10,2025-01-20,126994.92846960816,1558.5198129655832,1355.2938370515544,0.0,710.6111358879459,572.0792802434322,3.503817638277204,0.0,True,False
geo_10,2025-01-27,145164.8081770622,2147.928220821605,1143.0491990340115,0.0,422.1009091846094,534.4489764727234,3.4996888916131748,0.0,True,False
geo_10,2025-02-03,128850.08274344463,1960.3576221960363,979.3639711075793,0.0,802.1151744393214,755.5897467253224,3.4144491400402073,0.0,True,False
geo_10,2025-02-10,156055.12895567613,2007.4380661908642,1086.9884519863285,8180.1214336734765,544.8750378693021,668.3534009998009,3.51447493957382,0.0,True,False
geo_10,2025-02-17,199601.75875052199,1503.1521776167074,857.1742003566598,6805.454523288332,789.6382626720117,526.2396083162001,3.4687323519447064,0.0,True,False
geo_10,2025-02-24,178446.81379182928,2043.980125464421,1253.649968333771,7898.818863907664,522.6519791660832,776.7477788426362,3.560072368531564,0.0,True,False
geo_10,2025-03-03,249296.7864785344,1834.4132762493332,1117.0429572332487,7846.435892909064,594.2654299390014,410.62327309315003,3.0164388436431624,1.0,True,False
geo_10,2025-03-10,217960.52432801956,2565.447134697967,1182.4453411577865,8251.742676102638,598.6238630586736,710.226051163081,3.018603879906354,1.0,True,False
geo_10,2025-03-17,259453.91560661249,1640.4584921525689,920.8718193076357,8251.667281057878,416.2535904711681,518.4684772824226,2.9196586560537003,1.0,True,False
geo_10,2025-03-24,230519.45724490902,1668.3248529101684,1295.6226536360762,0.0,571.3721470445407,703.9979816512986,3.042436012569507,1.0,True,False
geo_10,2025-03-31,217048.8563926872,1799.716635842178,1706.9011967037009,0.0,504.6834361991688,577.6784782589359,2.9920057849664277,1.0,True,False
geo_10,2025-04-07,164351.67337704252,2172.1387105410518,1525.5982793287424,0.0,377.0085016872608,568.9858989717543,2.951120050865616,1.0,True,False
geo_10,2025-04-14,112373.37602723131,2000.2935878535664,1275.543963814411,0.0,619.7951686464646,594.3552305153762,3.501594951803456,0.0,True,False
geo_10,2025-04-21,144183.71885628076,1027.3958239063202,1545.828667483516,0.0,641.1055070423738,812.706026848386,3.5353244646610578,0.0,True,False
geo_10,2025-04-28,140052.01232366625,1957.3237067081905,905.050720143261,0.0,509.0047760573498,708.8669159278825,3.4361732462188592,0.0,True,False
geo_10,2025-05-05,104692.78712666262,1955.6562710423389,740.3439990705024,0.0,451.7201445838149,540.5509064960257,3.5273133775390564,0.0,True,False
geo_10,2025-05-12,120222.38892714589,1741.366260303751,852.0692813214324,0.0,684.09609169734,586.1852858524551,3.479732846102402,0.0,True,False
geo_10,2025-05-19,173060.50269712103,2122.5336171689614,1006.0465811291301,0.0,459.9246598712325,975.5071993550862,3.471466630225761,0.0,True,False
geo_10,2025-05-26,183694.94140477452,1944.4054302920497,814.8876718266476,0.0,684.431156242018,615.9223980713069,3.47639180387238,0.0,True,False
geo_10,2025-06-02,215075.55508217722,2243.1770378751507,1003.401482506524,0.0,578.0177236386311,611.2846212604227,2.966494697674061,1.0,True,False
geo_10,2025-06-09,202352.80446016407,2631.965964252134,973.6350828281749,0.0,621.2905620187336,616.9685208618042,2.996558056823994,1.0,True,False
geo_10,2025-06-16,218164.61638366446,2265.6566958404537,1088.8736214738537,0.0,743.9510645789485,585.9847522453109,2.9979889054562046,1.0,True,False
geo_10,2025-06-23,153913.0815479166,1855.3879230117484,1229.3375569051996,0.0,580.7611857900064,582.8226551386265,3.526323173953027,0.0,True,False
geo_10,2025-06-30,119460.54090830873,1521.324144018715,927.0800221003448,0.0,657.9974397631191,890.8134759208206,3.538550163278552,0.0,True,False
geo_10,2025-07-07,171867.01693881798,1746.0183130315258,2442.033573306082,0.0,526.258164204233,761.3457639142824,3.479791170789315,0.0,True,False
geo_10,2025-07-14,154334.89632847204,1880.3046829108375,1748.8208982314036,8073.936434876333,784.2215699874023,762.8575503056513,3.527478256122254,0.0,True,False
geo_10,2025-07-21,199718.43572248376,1759.1552771539232,1119.8094820552255,7773.433692143264,524.8260851089306,879.7581670826387,3.451095489416308,0.0,True,False
geo_10,2025-07-28,163806.05039031577,1639.915965863407,1014.4504149117356,6458.947910304871,555.173590675143,579.5949268787278,3.5124350450377935,0.0,True,False
geo_10,2025-08-04,164199.96073569375,2560.714397860533,1112.8576470242026,8458.235035922624,422.98339710610884,583.5977331245921,3.4532865281917027,0.0,True,False
geo_10,2025-08-11,223950.21097462604,2538.0743110325793,831.9354232520997,8754.954455453813,612.8819375761311,767.6928143019444,3.4715077063634143,0.0,True,False
geo_10,2025-08-18,156461.75861420098,1547.7962869406401,1109.8391170838422,8072.659441965525,575.89427407624,663.620570279729,3.511262941902773,0.0,True,False
geo_10,2025-08-25,151494.91768139313,1901.7075873951085,861.0043627991895,0.0,401.19157856792117,473.3386177025736,3.4655078206743672,0.0,True,False
geo_10,2025-09-01,161081.4852625953,2008.950444111345,969.9542348668912,0.0,502.6741057672602,820.0351214454071,3.507313770116963,0.0,True,False
geo_10,2025-09-08,162153.82671392002,2118.471655819708,1104.9450994505928,0.0,471.7661178932086,612.3520623792912,3.4410515083300277,0.0,True,False
geo_10,2025-09-15,126060.06014074574,2314.5872665118823,1091.102809457255,0.0,602.8815180128706,811.4781798741506,3.4664077482436193,0.0,True,False
geo_10,2025-09-22,167612.03683841386,1590.740908476485,1069.9490942069933,0.0,759.8755104609522,521.3826588436233,3.5086680084506483,0.0,True,False
geo_10,2025-09-29,113212.23783134592,2477.414821604514,1247.2626240611526,0.0,617.1210107471028,719.7507874575494,3.5415092097973284,0.0,True,False
geo_10,2025-10-06,174841.95386020542,1835.7832953428813,1847.2142311591974,0.0,527.2816123081049,532.7885032416532,2.9567531539820577,1.0,True,False
geo_10,2025-10-13,210603.7556890608,2245.8608241991,2028.5901735343227,0.0,459.0932718533675,505.76074273263714,3.0362275615669208,1.0,True,False
geo_10,2025-10-20,177153.3741430976,2529.9776267974285,1037.7480734548958,0.0,449.89661394321257,828.7856201522402,2.998019654752869,1.0,True,False
geo_10,2025-10-27,178213.5001344743,1917.082410664674,1042.7263706778242,0.0,534.6901097720092,1583.6814965884173,3.0561202458334558,1.0,True,False
geo_10,2025-11-03,202606.5575681306,2649.2664108157146,936.2687856617392,7256.512826920301,558.9604805903077,2279.107947914561,2.981522907640059,1.0,True,False
geo_10,2025-11-10,226400.194680148,2376.6084719211453,880.4745263224346,7016.615360952844,493.99454149569,2199.85002915783,2.9756185717788997,1.0,True,False
geo_10,2025-11-17,195599.77619165246,2070.9207143784943,888.2296672735431,7855.675964584149,549.216998976199,1580.566642103788,3.501369623315311,0.0,True,False
geo_10,2025-11-24,199108.29704884978,2320.1786810077383,834.3363287100865,6661.925571453385,536.2394702765373,1895.3557816661207,3.4537051254411786,0.0,True,False
geo_10,2025-12-01,201332.5565089933,2292.3178335312023,1092.8242151943064,7679.971051261349,540.3385033459285,2064.6942609702173,3.494606828055586,0.0,True,False
geo_10,2025-12-08,239576.35310273923,1804.1620308297684,989.2972405491753,6959.4260877869965,479.0660583302052,1830.017956322771,3.4881588551902096,0.0,True,False
geo_10,2025-12-15,196955.54984802217,1990.022621072692,782.5547055968547,0.0,540.5236560543239,1898.3172683880546,3.535225890748872,0.0,True,False
geo_10,2025-12-22,183618.93554022786,2395.1833880784898,1355.7418376870485,0.0,321.6522472742667,1912.8479508215491,3.5018961012300505,0.0,True,False
geo_11,2024-01-01,97111.89623388085,845.7980241135446,1472.6714322742494,0.0,425.3353701581378,924.4295047747567,3.5404640993780108,0.0,True,False
geo_11,2024-01-08,116534.86497846324,1230.276286401319,1584.4025098455033,0.0,392.56549472905607,1408.3161752958592,3.4935704493734465,0.0,True,False
geo_11,2024-01-15,108737.04458904822,1103.1710081308217,1089.6740348701742,0.0,562.9330336367024,350.2862354642547,3.5014036719439665,0.0,True,False
geo_11,2024-01-22,121165.64988807731,957.9384124227514,1344.376246736769,0.0,531.6160261117951,244.48497303748968,3.529662537573022,0.0,True,False
geo_11,2024-01-29,87475.98612632556,1244.0578131902953,751.7578107919619,0.0,415.9957420069604,446.8459914838817,3.518766113358302,0.0,True,False
geo_11,2024-02-05,93676.88241312357,892.6217057166506,852.73566553523,0.0,457.7406461462509,374.8795558292969,3.510205582214525,0.0,True,False
geo_11,2024-02-12,114820.07309733373,1232.6370795998637,837.6912159313067,8177.33849782157,330.22988100184233,350.69261639692195,3.4767669466281466,0.0,True,False
geo_11,2024-02-19,133700.22224852577,1392.6010311041555,735.5141058715236,7313.709524865084,373.5934115457064,392.46328396121186,3.454441313075689,0.0,True,False
geo_11,2024-02-26,112561.70504440805,966.3505025133408,934.1569259954027,7628.71278779379,383.03225009200065,366.5112563757713,3.5031282944771456,0.0,True,False
geo_11,2024-03-04,178634.63001263925,1202.7429702395289,800.617907983566,7967.830025613649,511.634808129289,726.8233529412144,2.9746924106644896,1.0,True,False
geo_11,2024-03-11,175892.66147260877,1124.9349307357325,526.7406339406552,8720.97045301873,278.3048120328982,473.5789331826445,3.0147343224784224,1.0,True,False
geo_11,2024-03-18,178164.02555186418,891.3008493911319,949.7337799210876,7442.470429369741,465.2474688216086,329.70364571412625,2.9963165079967182,1.0,True,False
geo_11,2024-03-25,158356.1688651448,1208.9796404391013,963.0901625733616,0.0,519.0819860971643,346.72350314196706,2.967715698885273,1.0,True,False
geo_11,2024-04-01,168003.97280832267,878.6145302746255,1484.990052852561,0.0,515.3090708773253,385.7131108707174,2.9980049853589508,1.0,True,False
geo_11,2024-04-08,160752.28658589046,1218.9477643207106,1540.753428057535,0.0,423.63065675531425,341.6987513549861,3.0112044961966538,1.0,True,False
geo_11,2024-04-15,113046.12306380241,1483.3258991582659,1347.1000576655565,0.0,398.4352226510029,477.32744573383684,3.4961954520582195,0.0,True,False
geo_11,2024-04-22,102609.9809141697,1326.5852640649637,1034.2181803690669,0.0,374.76866201653087,381.6190287790358,3.462688338481647,0.0,True,False
geo_11,2024-04-29,89366.98406000277,1356.5071479509033,769.8145631433242,0.0,407.85915127592807,423.0319466290171,3.4991552820885916,0.0,True,False
geo_11,2024-05-06,97695.0126466624,1500.0388062495542,893.4913199748512,0.0,342.58818506761963,489.97614463996763,3.502459359494774,0.0,True,False
geo_11,2024-05-13,90649.23089985068,1132.531601990383,851.2837129425245,0.0,480.9567540317147,347.82283740861567,3.518767629421578,0.0,True,False
geo_11,2024-05-20,70258.2137750739,1510.7028976799738,782.2913660983213,0.0,486.94099829651157,417.8342102327561,3.5151990013508065,0.0,True,False
geo_11,2024-05-27,96456.26967766511,1285.2261597096551,637.8842537072333,0.0,483.98879631423085,409.9997817642556,3.4583018127974285,0.0,True,False
geo_11,2024-06-03,136225.51288255796,769.9583704171005,715.0263862985028,0.0,472.59262735181466,408.62444771920593,2.9751166364495316,1.0,True,False
geo_11,2024-06-10,120555.5399821755,1153.055815685841,687.8982467243061,0.0,483.82397699283877,420.9621394568177,3.0081108225258046,1.0,True,False
geo_11,2024-06-17,145072.69680333178,1033.0998679850838,784.5710228765782,0.0,501.71221204493526,385.6814866479633,2.939239409797681,1.0,True,False
geo_11,2024-06-24,106551.23369935663,1117.3267266372422,942.4453205579753,0.0,386.0236527616466,316.1544426260647,3.5171252855032846,0.0,True,False
geo_11,2024-07-01,98270.64075408585,1250.3134489308018,965.539745325813,0.0,284.99828715271343,593.6079916275877,3.4607031988971086,0.0,True,False
geo_11,2024-07-08,77850.6228936922,1092.8506914936477,1794.7155340329475,0.0,399.23210807075884,490.61903250323434,3.475280030028433,0.0,True,False
geo_11,2024-07-15,99856.85367594294,1070.971149432227,984.7126627723609,6052.954153239878,442.40423397109174,684.9491105411703,3.5403725637052963,0.0,True,False
geo_11,2024-07-22,166088.2858908997,1255.7190704945738,930.4520626521684,7608.772415363882,471.03091165476167,499.4257454064154,3.487749547214842,0.0,True,False
geo_11,2024-07-29,119482.87800241388,1325.58224289424,741.5064728688669,8030.356762842045,215.23518406276557,373.1008862136472,3.4794644178366747,0.0,True,False
geo_11,2024-08-05,154754.07897024314,881.6121344168344,1023.8314407436985,6964.987802063434,428.51195217615714,356.96327817166184,3.4998213173008845,0.0,True,False
geo_11,2024-08-12,152817.43704976336,1324.8942539293996,724.0031112665296,8172.923280276939,400.4372625991496,513.0582133158234,3.486721322972923,0.0,True,False
geo_11,2024-08-19,156358.8385218593,1413.9991186222624,844.0690587377655,10030.780559752904,228.89566976808933,285.6997137817355,3.4681557751672973,0.0,True,False
geo_11,2024-08-26,135544.36784384522,1101.1390256301834,914.702433392371,0.0,332.7850256377137,329.78189048441993,3.4987200283334046,0.0,True,False
geo_11,2024-09-02,107331.81139040462,1414.0493124319669,868.3388664547966,0.0,371.57559169405556,330.4590370571254,3.5645753612041595,0.0,True,False
geo_11,2024-09-09,117522.7411383899,1578.1646109339795,1042.4628408218332,0.0,515.554132646049,408.2735457537331,3.522095112677213,0.0,True,False
geo_11,2024-09-16,114925.93984342803,1256.2905199864822,913.8296337577934,0.0,431.98629138661187,388.30920670359177,3.5052829101033116,0.0,True,False
geo_11,2024-09-23,103360.99684918771,1265.0641629379186,1186.4666210854548,0.0,418.19318544049827,459.3039013037793,3.498979218794652,0.0,True,False
geo_11,2024-09-30,105090.0177479679,1139.835902044793,1530.5120021006678,0.0,524.8995419667073,526.479199353955,3.5178428385352882,0.0,True,False
geo_11,2024-10-07,129291.07928407847,1166.281909149448,1842.423566809498,0.0,326.8302150982395,277.56258728186026,3.008660235140317,1.0,True,False
geo_11,2024-10-14,151855.18404424196,1362.937978908989,1132.9452597067914,0.0,288.22385262863855,297.62374622756687,2.9643836056457955,1.0,True,False
geo_11,2024-10-21,131361.91848143144,1041.4549207573782,1172.6046104178265,0.0,411.64901563177483,508.8605373628294,3.0051610334734784,1.0,True,False
geo_11,2024-10-28,170790.94435897656,1348.4133188069598,767.8636269267246,0.0,435.0714853480243,1229.0706307015253,2.9915619138525433,1.0,True,False
geo_11,2024-11-04,170057.87207542162,1439.1183379412498,789.768800826318,7448.491224740821,349.8786662902601,893.0572440491297,3.041304114793093,1.0,True,False
geo_11,2024-11-11,185384.93113408977,1469.7331867526036,881.7002355915668,8568.366581924838,411.91437179540634,1060.3215646914907,2.983688826617786,1.0,True,False
geo_11,2024-11-18,138740.84259432968,1100.560064614026,751.533120611891,8148.01733173517,585.4546020949141,1284.2919888067984,3.533686486741544,0.0,True,False
geo_11,2024-11-25,182916.73087864745,1013.5610069239657,772.8529493752377,8532.483312358097,314.68802603080303,681.2419872988472,3.449666599043135,0.0,True,False
geo_11,2024-12-02,168602.1592767388,1600.5342099451584,526.3726475453104,8501.151143952673,534.9859384852914,1514.4607538461785,3.500920652354926,0.0,True,False
geo_11,2024-12-09,168961.2608743587,982.40065014233,794.2191948658059,6129.375453751209,492.4107468058945,1120.6207211829217,3.465170717065493,0.0,True,False
geo_11,2024-12-16,132434.89853830982,1193.953141029598,1122.0190109339226,0.0,466.6640953591392,1213.7090485974925,3.4593794796517345,0.0,True,False
geo_11,2024-12-23,173679.80267105807,1249.2658984325897,722.5841141938738,0.0,362.21960132590897,963.0314488897761,3.517407763095124,0.0,True,False
geo_11,2024-12-30,110741.33467720723,1336.9559466538622,1368.8200180015435,0.0,379.8830032124504,1228.5024414558693,3.4556883162585312,0.0,True,False
geo_11,2025-01-06,140507.91563521943,1312.3944185764738,1297.50370771731,0.0,471.28177219892746,1239.2095739392462,3.485179974320168,0.0,True,False
geo_11,2025-01-13,138195.5835993475,1103.9425315288531,1493.4177035032885,0.0,512.197517110881,415.6459879120045,3.465500758881721,0.0,True,False
geo_11,2025-01-20,113122.37839899042,1328.869795103304,1206.8875326005161,0.0,258.39363978657894,402.23787262831985,3.503817638277204,0.0,True,False
geo_11,2025-01-27,115117.89343453104,1046.3771897181623,676.7891655526038,0.0,508.4566379736692,414.6082193405051,3.4996888916131748,0.0,True,False
geo_11,2025-02-03,130006.83080657394,1192.19134915466,787.4905983289115,0.0,333.0920321186356,322.53957219312184,3.4144491400402073,0.0,True,False
geo_11,2025-02-10,94466.9885797181,985.6208447407685,857.8368033252291,7441.197909553805,282.32600505191834,403.9997763306785,3.51447493957382,0.0,True,False
geo_11,2025-02-17,156790.5041920099,1164.42989483925,977.9580647100818,8869.07587542427,390.86281757806955,481.5802468772984,3.4687323519447064,0.0,True,False
geo_11,2025-02-24,156738.2416117178,1256.3589635757771,735.2294092580626,8888.905670927003,489.7646825908388,439.65508182305746,3.560072368531564,0.0,True,False
geo_11,2025-03-03,194921.0049493773,1286.0224071518041,807.2654917667764,7353.18239333648,430.00670394803427,455.3191592790434,3.0164388436431624,1.0,True,False
geo_11,2025-03-10,204993.5043023518,1376.2704006660485,970.361342530012,7961.0572592122335,284.59573193911086,365.77538897031036,3.018603879906354,1.0,True,False
geo_11,2025-03-17,198157.34064293536,1344.5327414751662,874.3475091086004,7077.66470144984,387.08731814814485,315.3539164628086,2.9196586560537003,1.0,True,False
geo_11,2025-03-24,167164.44963841562,1139.9162310199185,818.7647960438893,0.0,516.7957291716048,441.5296182282035,3.042436012569507,1.0,True,False
geo_11,2025-03-31,173066.59918883562,1566.140827035014,1661.2098063571254,0.0,369.7623187634201,365.93862493412445,2.9920057849664277,1.0,True,False
geo_11,2025-04-07,165689.35938696316,1415.763546584713,1566.3460058921632,0.0,451.5742357239485,285.268193924142,2.951120050865616,1.0,True,False
geo_11,2025-04-14,138568.42843578252,1499.7712979745286,1757.3447491147433,0.0,401.24349041583037,533.0076046759195,3.501594951803456,0.0,True,False
geo_11,2025-04-21,96259.58203883795,1603.6053523749274,1262.3603483963943,0.0,448.25529731700567,510.1435995151758,3.5353244646610578,0.0,True,False
geo_11,2025-04-28,104536.94412523351,1465.1415494320745,1025.5104738796538,0.0,520.0744923218356,329.1636530736585,3.4361732462188592,0.0,True,False
geo_11,2025-05-05,104718.32594248805,1261.7849775246427,840.0617937075908,0.0,497.791030054844,488.5403467834496,3.5273133775390564,0.0,True,False
geo_11,2025-05-12,112412.02017037387,1682.8501598612606,458.5983174298984,0.0,529.9450311246112,376.7438497738663,3.479732846102402,0.0,True,False
geo_11,2025-05-19,112546.48975715421,1580.6216196428481,1007.8445489779959,0.0,416.8045759448367,404.0353951973732,3.471466630225761,0.0,True,False
geo_11,2025-05-26,116328.62900626242,1605.5782959422068,831.3404503314822,0.0,284.759633473441,425.48304607000244,3.47639180387238,0.0,True,False
geo_11,2025-06-02,137489.88987637975,1155.6295040348195,819.9320929910004,0.0,454.2264664631763,413.16647284288405,2.966494697674061,1.0,True,False
geo_11,2025-06-09,153706.41164889277,1504.3900433512626,671.9669656689482,0.0,334.18530189023494,471.5691606612597,2.996558056823994,1.0,True,False
geo_11,2025-06-16,138153.81536563806,1608.9978434549664,600.6405190951314,0.0,383.8231885949473,390.50455600865416,2.9979889054562046,1.0,True,False
geo_11,2025-06-23,99603.45113922538,1556.8483143106582,935.1947467290711,0.0,588.2634646132203,551.4193878728678,3.526323173953027,0.0,True,False
geo_11,2025-06-30,114935.20401426638,1063.9257298746816,1608.7404230036818,0.0,385.9612955617754,448.89305249670525,3.538550163278552,0.0,True,False
geo_11,2025-07-07,122897.06616821783,1267.3392854654562,1632.7600799060765,0.0,416.58805285015563,384.611268811573,3.479791170789315,0.0,True,False
geo_11,2025-07-14,112484.00790423166,1293.092193497222,1541.5705559200312,7721.685891322938,351.6126951391732,445.2025512311342,3.527478256122254,0.0,True,False
geo_11,2025-07-21,155978.18978460727,1515.1287191826045,1149.5440611906283,8540.11292021549,503.9087277492505,356.671426124582,3.451095489416308,0.0,True,False
geo_11,2025-07-28,128028.29394572254,1551.0899763717491,901.5777458135085,8425.625513798443,547.844810372614,504.6029705744556,3.5124350450377935,0.0,True,False
geo_11,2025-08-04,172680.32103018113,1503.024213413132,849.0696148639278,7899.436132674579,378.41890272709446,404.77494523565673,3.4532865281917027,0.0,True,False
geo_11,2025-08-11,159757.60952958523,1264.045826360591,508.56026695552407,8588.68560496126,310.1571512301548,303.5281368287574,3.4715077063634143,0.0,True,False
geo_11,2025-08-18,177132.45224214386,1624.7352549340035,757.6402966529341,7275.186311066672,426.9680516768267,488.32049762951254,3.511262941902773,0.0,True,False
geo_11,2025-08-25,128245.40477249408,1263.9153897628996,725.7646348167655,0.0,415.99759282828757,447.1543658339124,3.4655078206743672,0.0,True,False
geo_11,2025-09-01,113653.00283450642,1344.2346018206963,891.45048749168,0.0,543.5109392427165,404.3270942390524,3.507313770116963,0.0,True,False
geo_11,2025-09-08,122890.77804918819,1631.2195855101613,937.1657323583897,0.0,460.2690895653204,426.6796983941989,3.4410515083300277,0.0,True,False
geo_11,2025-09-15,111399.11781205036,1477.6214122372749,826.6656800741736,0.0,496.39854151229747,526.8182133098887,3.4664077482436193,0.0,True,False
geo_11,2025-09-22,127176.15253076046,1371.784136914302,729.2921086245634,0.0,349.120409303403,520.356049993669,3.5086680084506483,0.0,True,False
geo_11,2025-09-29,95096.38386247045,1277.2639851280276,1318.0753760429814,0.0,493.4578434561506,503.2584193470499,3.5415092097973284,0.0,True,False
geo_11,2025-10-06,186161.91758896995,1351.970577632531,1274.5116386604022,0.0,538.8871522448338,285.6313883417465,2.9567531539820577,1.0,True,False
geo_11,2025-10-13,135785.24445443987,1413.3951227152,1418.776553935991,0.0,419.52016483223235,493.0430792999176,3.0362275615669208,1.0,True,False
geo_11,2025-10-20,167383.95349316267,1444.698470410408,1409.9215023381212,0.0,539.929490104031,535.0514983849648,2.998019654752869,1.0,True,False
geo_11,2025-10-27,161629.49248850855,1491.7390003533806,521.2844547052629,0.0,373.18518804811686,1767.259985986091,3.0561202458334558,1.0,True,False
geo_11,2025-11-03,192081.19356742216,1367.9073725304108,821.1581182325353,8832.047289629125,522.457798457391,987.8309103989733,2.981522907640059,1.0,True,False
geo_11,2025-11-10,208758.60522739956,1452.636457674457,885.1029558123892,8826.26435215207,361.642214495121,813.4983744138045,2.9756185717788997,1.0,True,False
geo_11,2025-11-17,199691.18438526086,1614.6635621190171,1015.3724088586487,8273.55833308666,444.84770812439234,1295.113299889963,3.501369623315311,0.0,True,False
geo_11,2025-11-24,143080.02832874376,1623.2516582862595,765.6448374285494,7637.276210388197,484.99585533493536,942.4598702389193,3.4537051254411786,0.0,True,False
geo_11,2025-12-01,175525.3100963506,1572.4865103620373,734.1324497175128,7771.535532548842,500.8981318819806,998.3319908819327,3.494606828055586,0.0,True,False
geo_11,2025-12-08,175372.44706170328,1421.7733068379132,800.1692500090185,7148.059643367489,394.54470370099614,1365.1251296148232,3.4881588551902096,0.0,True,False
geo_11,2025-12-15,167689.01068834844,1873.4066249678826,744.9155823139961,0.0,398.1928928344388,1100.9049133943217,3.535225890748872,0.0,True,False
geo_11,2025-12-22,163905.8086379129,1566.023700499063,1029.6256432798684,0.0,567.2651072591472,1445.5275588549837,3.5018961012300505,0.0,True,False
geo_12,2024-01-01,65058.38428484675,561.7853048863029,665.5804232728552,0.0,200.0,939.197614727268,3.5404640993780108,0.0,True,False
geo_12,2024-01-08,87601.86916473125,664.8402318241804,477.3575532508104,0.0,200.0,813.6806087122332,3.4935704493734465,0.0,True,False
geo_12,2024-01-15,67170.67835945869,500.0,755.0215400452666,0.0,212.84622015154523,276.4351068791272,3.5014036719439665,0.0,True,False
geo_12,2024-01-22,70911.82087621218,658.1115592269124,526.6194080151129,0.0,200.0,324.9422301972645,3.529662537573022,0.0,True,False
geo_12,2024-01-29,77501.68238440857,775.6425376874105,403.95941469911924,0.0,200.0,486.64764433679574,3.518766113358302,0.0,True,False
geo_12,2024-02-05,61693.39185463158,676.691561038525,446.85344435651587,0.0,210.91349367426014,341.49160177209546,3.510205582214525,0.0,True,False
geo_12,2024-02-12,69019.92323918495,591.7700135124312,354.5231917555658,3887.255261033814,200.0,289.44776517091464,3.4767669466281466,0.0,True,False
geo_12,2024-02-19,95585.26364273111,853.0249612671088,373.0899828712492,3436.151579241538,215.3603905687481,366.86659379999867,3.454441313075689,0.0,True,False
geo_12,2024-02-26,106716.51079362496,818.9646095066117,357.5322792760989,3912.6774130978292,200.0,283.06974179455506,3.5031282944771456,0.0,True,False
geo_12,2024-03-04,151710.28476341296,663.4253266686061,475.11130182801463,2860.9180837533177,233.84393173450536,360.6460637069522,2.9746924106644896,1.0,True,False
geo_12,2024-03-11,119586.14550653272,582.4922258282294,300.0,2905.4082708799046,200.0,370.41081555199446,3.0147343224784224,1.0,True,False
geo_12,2024-03-18,123855.08515407043,836.5455678167594,419.44941497906683,3446.3515693814575,229.65031068016376,386.2520192192417,2.9963165079967182,1.0,True,False
geo_12,2024-03-25,107787.1179811944,500.0,580.6972265269659,0.0,200.0,376.0597953556301,2.967715698885273,1.0,True,False
geo_12,2024-04-01,93519.921993841,721.917498270919,635.9345720304389,0.0,215.32607492842195,395.7715106243226,2.9980049853589508,1.0,True,False
geo_12,2024-04-08,87183.98327242816,645.507561634259,758.328469697791,0.0,200.0,366.02014942342487,3.0112044961966538,1.0,True,False
geo_12,2024-04-15,83719.14636552286,523.1900888978797,635.0741478539042,0.0,220.42524158847561,251.02939062596633,3.4961954520582195,0.0,True,False
geo_12,2024-04-22,72870.78942153591,567.2319889370095,355.7971823899619,0.0,200.0,382.1782757659444,3.462688338481647,0.0,True,False
geo_12,2024-04-29,79243.58861117384,699.5751215186777,309.4067256215183,0.0,235.5297102420201,467.284454358389,3.4991552820885916,0.0,True,False
geo_12,2024-05-06,74904.67402814917,652.7940033873226,344.6882354541673,0.0,200.0,300.539900926484,3.502459359494774,0.0,True,False
geo_12,2024-05-13,84320.27525447874,804.2684614634087,300.0,0.0,200.0,280.2545857633421,3.518767629421578,0.0,True,False
geo_12,2024-05-20,54672.25031018024,640.9015026538061,300.0,0.0,200.0,352.43356136395875,3.5151990013508065,0.0,True,False
geo_12,2024-05-27,69470.41013895512,821.9304989531585,438.4348110134,0.0,200.0,393.9626192764877,3.4583018127974285,0.0,True,False
geo_12,2024-06-03,111355.07062907958,653.3048776683432,399.69106673881424,0.0,200.0,339.95477288455106,2.9751166364495316,1.0,True,False
geo_12,2024-06-10,136701.01588265097,581.3210214967979,424.1132127449674,0.0,200.0,361.57545244559805,3.0081108225258046,1.0,True,False
geo_12,2024-06-17,132088.99625690214,674.0082542948545,359.5216460369899,0.0,202.78317881341394,332.23843799583204,2.939239409797681,1.0,True,False
geo_12,2024-06-24,97802.40819281303,631.6346490953629,394.98889141138295,0.0,200.0,306.7646330539218,3.5171252855032846,0.0,True,False
geo_12,2024-07-01,80000.62627602727,696.3028220817553,662.9469189794373,0.0,200.0,299.2635157455192,3.4607031988971086,0.0,True,False
geo_12,2024-07-08,95242.20786040013,644.0015661092348,770.6865223369635,0.0,200.0,384.228737958158,3.475280030028433,0.0,True,False
geo_12,2024-07-15,86738.22115167353,607.8591287532216,747.7709693991092,3045.8667434638214,208.36831870381673,427.5094224342696,3.5403725637052963,0.0,True,False
geo_12,2024-07-22,72209.65753912141,668.0051596396396,749.7268718192664,3179.850520916416,200.0,329.9976562069994,3.487749547214842,0.0,True,False
geo_12,2024-07-29,91096.83147585171,854.554856969842,441.99924038347154,3672.3422958059264,235.32250527820676,485.31214535628953,3.4794644178366747,0.0,True,False
geo_12,2024-08-05,83462.16148273331,801.7428652835426,401.4095369416162,3344.4595367567413,200.0,420.52931268426767,3.4998213173008845,0.0,True,False
geo_12,2024-08-12,67065.33439069163,635.1738854632293,309.01493796909244,3188.3749059751663,200.0,238.5152594462675,3.486721322972923,0.0,True,False
geo_12,2024-08-19,97482.9945463987,536.0101917054109,368.3800183337107,3663.519429221271,200.0,251.61336854480263,3.4681557751672973,0.0,True,False
geo_12,2024-08-26,91552.6662098313,500.0,461.63645133731274,0.0,200.0,217.48189221537012,3.4987200283334046,0.0,True,False
geo_12,2024-09-02,76859.58059116347,699.6569546647861,436.44847203488405,0.0,200.0,384.8982270154519,3.5645753612041595,0.0,True,False
geo_12,2024-09-09,80924.65697942596,623.2034341264095,392.7395550615949,0.0,209.20881431992288,365.3558131891556,3.522095112677213,0.0,True,False
geo_12,2024-09-16,64454.701678278754,770.0309341599785,363.2635225119351,0.0,200.0,347.11920060950223,3.5052829101033116,0.0,True,False
geo_12,2024-09-23,71709.17382185296,558.7388695140727,330.9677561494644,0.0,204.66449656199768,434.12095149279367,3.498979218794652,0.0,True,False
geo_12,2024-09-30,56895.81756908778,856.7744919208557,532.2462545164744,0.0,200.0,367.24801054555206,3.5178428385352882,0.0,True,False
geo_12,2024-10-07,90839.06737210596,722.9435910507497,811.4620290590564,0.0,200.0,269.56373113777096,3.008660235140317,1.0,True,False
geo_12,2024-10-14,91974.80328860859,772.4946201051903,619.9148697440503,0.0,200.0,297.35280860236674,2.9643836056457955,1.0,True,False
geo_12,2024-10-21,106404.66586759745,718.4108943086882,533.6671906953093,0.0,200.0,391.68315575508694,3.0051610334734784,1.0,True,False
geo_12,2024-10-28,117094.35164580855,928.8861062851387,439.65978906790826,0.0,217.87139094428613,1396.41816843459,2.9915619138525433,1.0,True,False
geo_12,2024-11-04,110094.70782963771,665.3760233326294,327.3689463638496,3159.1431720412684,200.0,1023.7462181392381,3.041304114793093,1.0,True,False
geo_12,2024-11-11,126648.58321682812,764.1955420683274,420.9773138599249,3085.0580755725628,200.0,1156.9973025580098,2.983688826617786,1.0,True,False
geo_12,2024-11-18,114381.7098575774,679.7347352320783,364.02496616195447,3441.30657755398,200.0,1065.406853039016,3.533686486741544,0.0,True,False
geo_12,2024-11-25,112718.88402878502,702.7931079245587,400.44245529402406,3161.297773930029,200.0,848.3605584300717,3.449666599043135,0.0,True,False
geo_12,2024-12-02,116587.57097739365,901.9781068847694,410.6794112640388,3696.4313378855895,227.19708689374147,997.8141293144,3.500920652354926,0.0,True,False
geo_12,2024-12-09,96814.58228556899,735.5807186025997,385.86350504546124,3628.5421633297406,200.0,1219.8473241475403,3.465170717065493,0.0,True,False
geo_12,2024-12-16,123245.00008261461,543.4521671334036,377.11534214790447,0.0,233.48094052918336,1199.2461121301048,3.4593794796517345,0.0,True,False
geo_12,2024-12-23,79675.94738810073,668.4709502025122,481.77882074798976,0.0,200.0,694.0365115235238,3.517407763095124,0.0,True,False
geo_12,2024-12-30,107400.46268845955,839.9629735554513,774.7981802242412,0.0,200.0,1419.5900708453235,3.4556883162585312,0.0,True,False
geo_12,2025-01-06,84621.25552123203,790.6985205321469,619.2168882677967,0.0,200.0,707.7605247668288,3.485179974320168,0.0,True,False
geo_12,2025-01-13,86718.1883403719,764.757791624969,847.8919744935481,0.0,200.0,342.888126910414,3.465500758881721,0.0,True,False
geo_12,2025-01-20,80760.03635819082,728.9212197301489,541.8201134262771,0.0,205.74692692163762,315.7167303858222,3.503817638277204,0.0,True,False
geo_12,2025-01-27,63907.47723213942,849.9895034516447,441.359587239752,0.0,200.0,357.7921519254794,3.4996888916131748,0.0,True,False
geo_12,2025-02-03,96618.33417557004,575.80062570271,300.0,0.0,233.65054879655023,388.1092082654187,3.4144491400402073,0.0,True,False
geo_12,2025-02-10,83199.41569359647,761.9099716157659,386.9454703992043,3261.212108061875,200.0,200.0,3.51447493957382,0.0,True,False
geo_12,2025-02-17,105739.49568354197,634.8621858723616,402.9478006501088,3446.7462214189986,202.13485063759524,442.9420635927959,3.4687323519447064,0.0,True,False
geo_12,2025-02-24,110662.87478469984,872.8672276118533,352.1930113502931,4093.242271337476,200.0,308.0780293677057,3.560072368531564,0.0,True,False
geo_12,2025-03-03,116083.58092619793,694.7283446794994,300.0,3071.715850858717,200.0,262.0006238235838,3.0164388436431624,1.0,True,False
geo_12,2025-03-10,102892.46397431253,697.983796365673,331.8306457132612,3559.6977155194227,200.0,342.41708053829313,3.018603879906354,1.0,True,False
geo_12,2025-03-17,125557.91070275837,748.1543221504805,391.2927942000399,3561.976866658917,200.0,265.09291633922896,2.9196586560537003,1.0,True,False
geo_12,2025-03-24,99539.52101931436,899.704436052866,545.1649557240371,0.0,227.83013261910716,452.22673424339,3.042436012569507,1.0,True,False
geo_12,2025-03-31,130617.02210397876,854.4976479526748,537.4202721794641,0.0,209.63830277564733,456.2186085389269,2.9920057849664277,1.0,True,False
geo_12,2025-04-07,145154.65481033822,682.4592441070444,630.1177137981445,0.0,200.0,319.6917793202752,2.951120050865616,1.0,True,False
geo_12,2025-04-14,97794.30928904838,922.428224455159,913.455633870406,0.0,200.0,318.4233603205086,3.501594951803456,0.0,True,False
geo_12,2025-04-21,75382.00513477082,732.7379683053551,503.973965509447,0.0,200.0,252.91537853396488,3.5353244646610578,0.0,True,False
geo_12,2025-04-28,98690.35106879512,697.3594153019354,348.45537244425293,0.0,200.0,377.3926933075154,3.4361732462188592,0.0,True,False
geo_12,2025-05-05,95281.27007526376,771.2354129700459,300.0,0.0,200.0,427.35955568160364,3.5273133775390564,0.0,True,False
geo_12,2025-05-12,83126.23503783994,557.2203382605173,427.4862446161967,0.0,215.59154624045232,404.9862722041778,3.479732846102402,0.0,True,False
geo_12,2025-05-19,55084.75780439608,684.8827821892482,433.96518113064246,0.0,218.91139437788843,347.85239588707134,3.471466630225761,0.0,True,False
geo_12,2025-05-26,59046.25457310467,905.0091380421738,402.91478202291086,0.0,200.0,407.46629156077864,3.47639180387238,0.0,True,False
geo_12,2025-06-02,103443.43728946737,636.0350971719762,327.7238969800926,0.0,200.0,464.4080603137289,2.966494697674061,1.0,True,False
geo_12,2025-06-09,114240.76010539566,761.8911762226664,385.83383486560746,0.0,209.6658543578476,331.7030800185911,2.996558056823994,1.0,True,False
geo_12,2025-06-16,129310.29854242362,878.7981520130339,375.18758598220217,0.0,200.0,460.25534738950904,2.9979889054562046,1.0,True,False
geo_12,2025-06-23,55061.61207706778,693.3640855051196,380.5463377927057,0.0,200.0,397.76806033921764,3.526323173953027,0.0,True,False
geo_12,2025-06-30,81435.42089214158,512.0485061791294,516.447894132502,0.0,227.73879445172756,345.65808878245633,3.538550163278552,0.0,True,False
geo_12,2025-07-07,79055.79668188516,879.6020591013234,729.8713310516016,0.0,200.0,388.5070632672686,3.479791170789315,0.0,True,False
geo_12,2025-07-14,99644.5339159482,776.9081075936837,649.6192605211356,3320.3502243222847,218.70471289582136,416.98001264061696,3.527478256122254,0.0,True,False
geo_12,2025-07-21,118649.12425275758,702.2483235777773,574.5539553843753,3197.220686159898,200.0,330.23229657475656,3.451095489416308,0.0,True,False
geo_12,2025-07-28,81504.9681023869,799.7833129308428,396.13315919303295,3111.4043860681627,216.7219762772691,370.40341371747934,3.5124350450377935,0.0,True,False
geo_12,2025-08-04,102921.27139823342,877.8332649574295,366.1582482217395,3518.7205149423276,200.0,377.117975480611,3.4532865281917027,0.0,True,False
geo_12,2025-08-11,124721.48617309851,662.2038517441597,367.3053410049222,3471.7541040683273,200.0,374.5406429349992,3.4715077063634143,0.0,True,False
geo_12,2025-08-18,108998.86274228463,727.0094399579128,416.58310801869675,3592.8003647935575,214.87231550508275,291.6011986881615,3.511262941902773,0.0,True,False
geo_12,2025-08-25,107561.44728833296,698.3680890463189,412.43079026626856,0.0,200.0,413.05776554992354,3.4655078206743672,0.0,True,False
geo_12,2025-09-01,97990.88846834049,745.9203344590426,300.0,0.0,200.0,401.01349055383105,3.507313770116963,0.0,True,False
geo_12,2025-09-08,91743.00618217749,928.8050108434708,382.8275611907873,0.0,200.0,348.30797863162866,3.4410515083300277,0.0,True,False
geo_12,2025-09-15,90213.99153590717,752.2539548068062,300.0,0.0,244.86370855556086,200.0,3.4664077482436193,0.0,True,False
geo_12,2025-09-22,70155.98763271308,802.2581128332869,555.8370042683051,0.0,200.0,379.40720439341334,3.5086680084506483,0.0,True,False
geo_12,2025-09-29,66527.67306244027,744.8631956467344,513.2384109800364,0.0,200.0,220.1500513765967,3.5415092097973284,0.0,True,False
geo_12,2025-10-06,122082.03464524234,671.2545858594292,553.0640728694367,0.0,200.0,351.90688969445745,2.9567531539820577,1.0,True,False
geo_12,2025-10-13,125347.658440755,580.5874239102353,763.0740686555866,0.0,200.0,366.80604767378424,3.0362275615669208,1.0,True,False
geo_12,2025-10-20,98045.47369454813,865.0686742607587,506.11190951920156,0.0,200.0,395.55750542886943,2.998019654752869,1.0,True,False
geo_12,2025-10-27,126916.43151927035,886.4144799821438,529.3970563042416,0.0,204.3824100963206,948.8354518987356,3.0561202458334558,1.0,True,False
geo_12,2025-11-03,153874.26591116417,619.523879315086,378.5695870507934,3593.008425175242,200.0,1148.5978675708745,2.981522907640059,1.0,True,False
geo_12,2025-11-10,134882.1239697341,797.9006684913952,418.2313468909366,2660.3247592436574,221.64371002420467,1427.9211768963105,2.9756185717788997,1.0,True,False
geo_12,2025-11-17,108483.4171039339,756.3196764012428,300.0,3195.1614761206497,200.0,1213.0515413172286,3.501369623315311,0.0,True,False
geo_12,2025-11-24,137239.49728954432,828.0516460344764,391.40910665141485,3297.0089736182163,200.0,562.0012744466865,3.4537051254411786,0.0,True,False
geo_12,2025-12-01,117866.38472611796,775.330585779903,345.32345150526925,3334.115006537361,200.0,826.1304923189454,3.494606828055586,0.0,True,False
geo_12,2025-12-08,111999.75517353036,637.1623801482219,315.6270009800737,3577.8783772110714,200.0,730.0474149243341,3.4881588551902096,0.0,True,False
geo_12,2025-12-15,111615.08819679028,743.305552617259,332.6986686739091,0.0,226.41132693953602,848.3102840484328,3.535225890748872,0.0,True,False
geo_12,2025-12-22,113406.05602243374,983.6706946307585,416.71371662028196,0.0,202.05453040214294,1316.5162921294016,3.5018961012300505,0.0,True,False
